"Date","Price","Open","High","Low","Vol.","Change %"
"12/26/2010","125.75","125.13","126.20","125.04","339.36M","0.12%"
"12/19/2010","125.60","124.64","125.82","123.98","363.01M","1.05%"
"12/12/2010","124.30","125.05","125.23","123.75","768.00M","-0.14%"
"12/05/2010","124.48","122.63","124.60","122.41","688.93M","1.29%"
"11/28/2010","122.89","118.50","123.03","117.74","1.02B","3.02%"
"11/21/2010","119.29","119.69","120.24","117.99","620.07M","-0.83%"
"11/14/2010","120.29","120.58","121.05","117.59","991.16M","0.07%"
"11/07/2010","120.20","122.34","122.95","119.65","961.00M","-2.05%"
"10/31/2010","122.72","119.07","122.92","117.85","954.82M","3.57%"
"10/24/2010","118.49","119.14","119.76","117.26","813.03M","0.12%"
"10/17/2010","118.35","117.74","119.09","116.02","951.92M","0.55%"
"10/10/2010","117.70","116.72","118.55","115.65","941.12M","1.00%"
"10/03/2010","116.54","114.37","116.86","113.18","887.03M","1.68%"
"09/26/2010","114.61","114.86","115.79","113.18","979.42M","-0.18%"
"09/19/2010","114.82","112.88","114.90","112.18","1.09B","2.07%"
"09/12/2010","112.49","112.58","113.29","111.98","952.74M","0.91%"
"09/05/2010","111.48","110.37","111.68","109.55","567.08M","0.53%"
"08/29/2010","110.89","106.58","110.99","104.49","1.08B","3.77%"
"08/22/2010","106.86","108.04","108.57","104.29","1.21B","-0.62%"
"08/15/2010","107.53","107.57","110.39","106.75","978.65M","-0.72%"
"08/08/2010","108.31","112.92","113.18","107.60","1.04B","-3.63%"
"08/01/2010","112.39","111.99","113.11","110.92","873.29M","1.92%"
"07/25/2010","110.27","110.60","112.29","108.98","990.26M","-0.13%"
"07/18/2010","110.41","107.05","110.57","105.82","1.21B","3.52%"
"07/11/2010","106.66","107.60","110.09","106.45","1.04B","-1.20%"
"07/04/2010","107.96","103.64","107.97","101.88","866.55M","5.64%"
"06/27/2010","102.20","108.03","108.32","101.13","1.44B","-5.26%"
"06/20/2010","107.87","113.12","113.20","106.77","1.21B","-3.45%"
"06/13/2010","111.73","110.52","112.42","109.40","1.10B","1.87%"
"06/06/2010","109.68","107.20","109.75","104.65","1.42B","2.68%"
"05/30/2010","106.82","108.35","111.06","106.47","1.14B","-2.33%"
"05/23/2010","109.37","108.52","110.80","104.38","1.61B","0.24%"
"05/16/2010","109.11","114.20","115.22","105.36","2.11B","-4.20%"
"05/09/2010","113.89","115.81","117.68","112.87","1.53B","2.36%"
"05/02/2010","111.26","119.38","120.68","105.00","2.16B","-6.35%"
"04/25/2010","118.81","121.85","122.12","118.25","1.26B","-2.46%"
"04/18/2010","121.81","119.01","121.86","118.47","985.09M","2.05%"
"04/11/2010","119.36","119.70","121.56","118.75","908.51M","-0.16%"
"04/04/2010","119.55","118.25","119.60","117.60","692.52M","1.49%"
"03/28/2010","117.80","117.17","118.25","116.61","602.58M","1.05%"
"03/21/2010","116.58","115.31","118.17","115.24","992.81M","0.53%"
"03/14/2010","115.97","115.26","117.48","114.60","916.11M","0.44%"
"03/07/2010","115.46","114.26","115.97","113.87","778.23M","1.06%"
"02/28/2010","114.25","111.20","114.34","111.17","771.38M","3.17%"
"02/21/2010","110.74","111.55","111.58","108.94","949.42M","-0.36%"
"02/14/2010","111.14","108.86","111.57","107.82","744.56M","2.87%"
"02/07/2010","108.04","106.74","108.25","105.81","1.33B","1.29%"
"01/31/2010","106.66","108.15","110.59","104.58","1.43B","-0.68%"
"01/24/2010","107.39","110.21","110.47","107.22","1.30B","-1.67%"
"01/17/2010","109.21","113.62","115.13","109.09","1.05B","-3.90%"
"01/10/2010","113.64","115.08","115.14","113.20","759.60M","-0.81%"
"01/03/2010","114.57","112.37","114.62","111.51","604.09M","2.81%"
"12/27/2009","111.44","112.90","113.03","111.39","331.86M","-0.92%"
"12/20/2009","112.48","110.76","112.60","110.76","361.27M","2.06%"
"12/13/2009","110.21","111.87","112.13","105.48","740.89M","-0.81%"
"12/06/2009","111.11","110.91","111.53","109.02","715.77M","0.09%"
"11/29/2009","111.01","109.48","112.38","108.12","895.04M","1.31%"
"11/22/2009","109.57","110.72","111.74","108.29","522.00M","0.13%"
"11/15/2009","109.43","110.38","111.69","109.01","857.47M","-0.17%"
"11/08/2009","109.62","107.95","110.82","107.87","808.97M","2.32%"
"11/01/2009","107.13","104.13","107.40","103.08","1.08B","3.45%"
"10/25/2009","103.56","108.20","109.31","103.44","1.27B","-4.18%"
"10/18/2009","108.08","109.07","110.31","107.50","1.04B","-0.74%"
"10/11/2009","108.89","107.76","109.71","106.76","833.09M","1.52%"
"10/04/2009","107.26","102.90","107.26","102.60","829.88M","4.65%"
"09/27/2009","102.49","104.85","107.02","101.99","1.01B","-1.88%"
"09/20/2009","104.45","105.89","108.03","104.09","953.66M","-2.13%"
"09/13/2009","106.72","103.88","108.06","103.15","935.77M","1.86%"
"09/06/2009","104.77","103.00","105.30","102.39","602.81M","2.66%"
"08/30/2009","102.06","102.37","103.24","99.57","955.39M","-1.28%"
"08/23/2009","103.38","103.39","104.35","101.94","944.46M","0.40%"
"08/16/2009","102.97","98.85","103.13","98.11","1.00B","2.16%"
"08/09/2009","100.79","100.74","101.61","99.46","883.39M","-0.41%"
"08/02/2009","101.20","99.85","102.03","99.31","951.11M","2.42%"
"07/26/2009","98.81","97.88","99.83","96.98","973.28M","0.76%"
"07/19/2009","98.06","94.68","98.14","94.19","990.76M","4.18%"
"07/12/2009","94.13","88.31","94.51","87.59","989.58M","7.01%"
"07/05/2009","87.96","88.94","89.93","87.00","956.94M","-2.06%"
"06/28/2009","89.81","92.11","93.23","89.76","782.72M","-2.21%"
"06/21/2009","91.84","91.14","92.24","88.85","1.10B","-0.22%"
"06/14/2009","92.04","93.96","94.02","90.83","1.10B","-3.20%"
"06/07/2009","95.08","93.84","96.11","93.04","1.22B","0.56%"
"05/31/2009","94.55","93.67","95.67","87.53","1.24B","2.18%"
"05/24/2009","92.53","88.36","93.70","88.32","1.03B","3.94%"
"05/17/2009","89.02","89.55","92.80","88.26","1.16B","0.35%"
"05/10/2009","88.71","91.70","92.11","88.15","1.33B","-4.59%"
"05/03/2009","92.98","88.55","93.22","88.38","1.44B","5.79%"
"04/26/2009","87.89","85.68","89.02","84.76","1.39B","1.42%"
"04/19/2009","86.66","85.54","87.31","82.75","1.55B","-0.48%"
"04/12/2009","87.08","84.92","87.65","83.61","1.35B","1.48%"
"04/05/2009","85.81","83.34","85.82","81.51","1.02B","1.84%"
"03/29/2009","84.26","79.80","84.61","77.96","1.83B","3.25%"
"03/22/2009","81.61","78.74","83.30","78.31","1.93B","6.39%"
"03/15/2009","76.71","76.96","81.00","75.45","1.99B","0.81%"
"03/08/2009","76.09","67.95","76.98","67.73","1.89B","10.40%"
"03/01/2009","68.92","72.52","73.92","67.10","2.31B","-6.78%"
"02/22/2009","73.93","78.27","79.67","73.81","2.10B","-4.51%"
"02/15/2009","77.42","80.16","82.96","75.77","1.64B","-6.45%"
"02/08/2009","82.76","86.96","87.74","81.05","1.86B","-4.85%"
"02/01/2009","86.98","81.57","87.34","77.73","1.67B","5.01%"
"01/25/2009","82.83","83.59","87.95","82.21","1.60B","-0.34%"
"01/18/2009","83.11","84.23","85.06","80.05","1.60B","-2.29%"
"01/11/2009","85.06","88.84","88.91","81.72","2.00B","-4.52%"
"01/04/2009","89.09","92.63","94.55","85.36","1.45B","-4.16%"
"12/28/2008","92.96","87.24","93.44","85.60","718.76M","6.65%"
"12/21/2008","87.16","88.58","88.67","85.49","602.88M","-1.17%"
"12/14/2008","88.19","89.02","92.43","86.29","1.60B","-0.90%"
"12/07/2008","88.99","90.34","92.38","85.20","1.96B","1.21%"
"11/30/2008","87.93","87.51","88.42","81.86","2.28B","-2.40%"
"11/23/2008","90.09","81.92","90.13","80.36","1.47B","13.29%"
"11/16/2008","79.52","86.38","88.56","74.34","3.03B","-8.20%"
"11/09/2008","86.62","95.21","95.53","82.09","2.47B","-7.71%"
"11/02/2008","93.86","96.78","100.86","90.06","1.80B","-3.07%"
"10/26/2008","96.83","85.97","98.57","83.70","2.40B","11.25%"
"10/19/2008","87.04","95.35","99.10","84.00","2.37B","-6.62%"
"10/12/2008","93.21","93.87","105.53","86.54","2.67B","5.32%"
"10/05/2008","88.50","107.15","107.62","83.58","3.28B","-19.79%"
"09/28/2008","110.34","119.18","121.18","109.68","1.95B","-8.70%"
"09/21/2008","120.85","124.45","124.75","117.79","1.50B","-2.63%"
"09/14/2008","124.12","121.63","128.00","113.80","2.97B","-1.56%"
"09/07/2008","126.09","128.04","128.24","121.60","1.71B","1.34%"
"08/31/2008","124.42","130.03","130.71","122.00","1.13B","-3.39%"
"08/24/2008","128.79","128.80","130.34","126.58","858.83M","-0.66%"
"08/17/2008","129.65","130.43","130.48","126.34","940.77M","-0.40%"
"08/10/2008","130.17","129.47","131.51","127.67","1.14B","0.62%"
"08/03/2008","129.37","126.04","129.93","124.76","1.16B","2.54%"
"07/27/2008","126.16","125.51","128.60","123.42","1.35B","0.54%"
"07/20/2008","125.48","126.51","129.15","124.85","1.30B","-0.40%"
"07/13/2008","125.98","125.26","126.42","120.02","1.84B","1.73%"
"07/06/2008","123.84","126.79","127.74","122.49","2.00B","-1.96%"
"06/29/2008","126.31","127.89","129.16","124.99","1.18B","-0.96%"
"06/22/2008","127.53","132.09","133.40","127.03","1.32B","-3.08%"
"06/15/2008","131.58","135.55","137.12","131.22","1.24B","-3.36%"
"06/08/2008","136.15","136.86","137.50","133.52","1.27B","-0.10%"
"06/01/2008","136.29","139.83","140.89","136.22","1.32B","-2.89%"
"05/25/2008","140.35","137.80","140.93","137.53","640.90M","1.97%"
"05/18/2008","137.64","142.81","144.30","137.52","949.24M","-3.52%"
"05/11/2008","142.66","139.25","142.87","138.73","863.13M","2.71%"
"05/04/2008","138.90","141.05","142.20","138.45","828.03M","-1.84%"
"04/27/2008","141.51","139.88","142.37","138.26","808.39M","1.37%"
"04/20/2008","139.60","138.23","139.89","136.64","894.23M","0.81%"
"04/13/2008","138.48","133.19","139.56","132.33","920.42M","3.82%"
"04/06/2008","133.38","137.87","138.57","133.01","914.87M","-2.56%"
"03/30/2008","136.89","131.29","137.96","131.09","1.01B","4.09%"
"03/23/2008","131.51","133.31","135.81","131.06","1.01B","-0.43%"
"03/16/2008","132.08","126.57","134.65","126.07","1.33B","1.91%"
"03/09/2008","129.61","129.81","133.77","127.59","1.64B","-0.08%"
"03/02/2008","129.71","133.14","134.77","128.58","1.32B","-3.07%"
"02/24/2008","133.82","135.54","139.14","132.78","994.47M","-1.33%"
"02/17/2008","135.62","136.69","137.60","132.86","772.44M","0.36%"
"02/10/2008","135.14","133.10","137.10","132.04","996.52M","1.56%"
"02/03/2008","133.07","139.21","139.30","131.73","1.18B","-4.66%"
"01/27/2008","139.58","133.26","139.61","132.06","1.27B","4.92%"
"01/20/2008","133.04","127.21","136.76","126.00","1.48B","0.74%"
"01/13/2008","132.06","141.16","141.86","131.10","1.54B","-5.77%"
"01/06/2008","140.15","141.81","142.90","137.70","1.47B","-0.82%"
"12/30/2007","141.31","147.10","147.61","140.91","670.53M","-4.07%"
"12/23/2007","147.30","148.82","149.68","146.90","352.10M","-0.56%"
"12/16/2007","148.13","146.61","148.42","143.96","982.66M","0.65%"
"12/09/2007","147.17","151.28","152.89","147.10","1.09B","-2.48%"
"12/02/2007","150.91","148.19","151.50","146.31","757.62M","1.51%"
"11/25/2007","148.66","144.43","149.87","140.66","1.19B","3.14%"
"11/18/2007","144.13","145.28","145.53","141.67","1.02B","-1.14%"
"11/11/2007","145.79","145.21","149.40","143.70","1.24B","0.45%"
"11/04/2007","145.14","149.64","152.11","144.89","1.36B","-4.01%"
"10/28/2007","151.20","153.93","155.27","149.21","1.13B","-1.58%"
"10/21/2007","153.62","148.86","153.62","148.00","1.18B","2.64%"
"10/14/2007","149.67","156.27","156.48","149.66","989.99M","-4.26%"
"10/07/2007","156.33","155.39","157.52","154.54","625.12M","0.31%"
"09/30/2007","155.85","152.60","156.10","152.50","591.65M","2.14%"
"09/23/2007","152.58","152.42","153.19","150.47","653.42M","0.40%"
"09/16/2007","151.97","148.31","154.39","147.63","884.06M","2.06%"
"09/09/2007","148.90","146.52","149.45","144.33","780.04M","1.94%"
"09/02/2007","146.07","147.45","149.98","145.26","649.65M","-1.03%"
"08/26/2007","147.59","147.85","148.50","143.46","917.76M","-0.50%"
"08/19/2007","148.33","145.17","148.33","143.29","850.36M","2.50%"
"08/12/2007","144.71","146.50","146.89","137.00","1.70B","0.00%"
"08/05/2007","144.71","144.21","150.59","142.53","1.65B","0.63%"
"07/29/2007","143.80","145.93","149.46","143.20","1.72B","-0.90%"
"07/22/2007","145.11","154.18","154.72","145.05","1.53B","-5.47%"
"07/15/2007","153.50","154.99","156.00","152.29","853.23M","-0.87%"
"07/08/2007","154.85","153.16","155.46","150.52","674.00M","1.22%"
"07/01/2007","152.98","150.87","153.17","150.77","327.79M","1.70%"
"06/24/2007","150.43","150.24","151.65","148.06","1.00B","-0.08%"
"06/17/2007","150.55","153.38","153.58","149.85","787.45M","-1.65%"
"06/10/2007","153.07","150.93","153.66","149.55","832.79M","1.34%"
"06/03/2007","151.04","153.54","154.39","149.06","779.73M","-1.97%"
"05/27/2007","154.08","151.94","154.40","151.34","438.85M","1.58%"
"05/20/2007","151.69","152.58","153.50","150.74","662.04M","-0.61%"
"05/13/2007","152.62","150.86","152.62","149.79","604.45M","1.17%"
"05/06/2007","150.86","150.88","152.82","149.27","515.30M","-0.04%"
"04/29/2007","150.92","149.64","151.12","147.67","506.94M","0.93%"
"04/22/2007","149.53","148.37","149.80","147.32","498.19M","0.61%"
"04/15/2007","148.62","145.83","148.62","145.82","507.51M","2.27%"
"04/08/2007","145.32","144.65","145.32","143.34","416.00M","0.75%"
"04/01/2007","144.24","142.16","144.44","140.89","272.86M","1.58%"
"03/25/2007","142.00","143.50","143.65","140.56","635.09M","-0.97%"
"03/18/2007","143.39","139.26","143.81","138.55","526.45M","3.51%"
"03/11/2007","138.53","140.42","141.34","136.75","757.35M","-1.60%"
"03/04/2007","140.78","137.93","141.42","137.33","629.03M","1.52%"
"02/25/2007","138.67","145.83","145.95","138.05","898.09M","-4.56%"
"02/18/2007","145.30","145.56","146.42","144.06","271.99M","-0.30%"
"02/11/2007","145.73","143.94","145.95","143.19","274.41M","1.24%"
"02/04/2007","143.94","144.70","145.36","143.39","308.27M","-0.60%"
"01/28/2007","144.81","142.19","144.95","141.74","347.47M","1.86%"
"01/21/2007","142.16","143.07","143.98","141.58","320.38M","-0.46%"
"01/14/2007","142.82","143.07","143.46","142.31","221.84M","-0.29%"
"01/07/2007","143.24","140.82","143.24","140.25","333.07M","1.92%"
"12/31/2006","140.54","142.25","142.86","140.38","241.18M","-0.76%"
"12/24/2006","141.62","140.81","142.70","140.78","155.19M","0.62%"
"12/17/2006","140.75","142.54","142.88","140.67","266.28M","-1.12%"
"12/10/2006","142.34","141.42","143.24","140.89","308.46M","0.65%"
"12/03/2006","141.42","140.25","142.30","140.23","357.01M","0.86%"
"11/26/2006","140.22","140.28","141.05","138.11","492.92M","-0.09%"
"11/19/2006","140.35","140.30","141.16","139.94","197.07M","-0.05%"
"11/12/2006","140.42","138.18","140.68","138.07","365.77M","1.58%"
"11/05/2006","138.24","136.96","139.14","136.86","359.14M","1.25%"
"10/29/2006","136.54","137.66","138.31","135.62","336.07M","-0.99%"
"10/22/2006","137.91","136.56","139.00","136.39","345.10M","0.78%"
"10/15/2006","136.84","136.52","137.37","135.67","332.68M","0.15%"
"10/08/2006","136.63","134.85","136.71","134.30","314.83M","1.20%"
"10/01/2006","135.01","133.54","135.41","132.34","332.10M","1.07%"
"09/24/2006","133.58","131.73","133.99","131.05","355.35M","1.60%"
"09/17/2006","131.47","131.79","132.77","131.00","386.42M","-0.37%"
"09/10/2006","131.96","129.86","132.45","129.48","335.87M","1.29%"
"09/03/2006","130.28","131.51","131.85","129.35","237.56M","-0.87%"
"08/27/2006","131.42","129.65","131.58","129.64","251.94M","1.24%"
"08/20/2006","129.81","130.18","130.52","129.19","269.35M","-0.67%"
"08/13/2006","130.69","127.63","130.69","126.92","327.33M","2.90%"
"08/06/2006","127.01","127.90","128.60","126.28","332.07M","-0.93%"
"07/30/2006","128.20","127.66","129.43","126.60","339.65M","0.17%"
"07/23/2006","127.98","124.44","128.14","124.44","442.35M","3.25%"
"07/16/2006","123.95","123.50","126.30","122.39","553.47M","0.35%"
"07/09/2006","123.52","126.94","127.43","122.83","423.03M","-2.44%"
"07/02/2006","126.61","127.43","128.01","126.29","226.49M","-0.49%"
"06/25/2006","127.23","124.54","127.66","123.65","335.04M","2.24%"
"06/18/2006","124.44","125.40","125.70","123.55","365.50M","-0.17%"
"06/11/2006","124.65","125.88","126.36","122.34","673.99M","-0.56%"
"06/04/2006","125.35","128.79","128.86","123.87","625.69M","-2.83%"
"05/28/2006","129.00","127.97","129.43","126.05","324.82M","0.48%"
"05/21/2006","128.38","126.28","128.38","124.76","513.28M","1.01%"
"05/14/2006","127.10","128.79","130.00","125.80","503.26M","-1.66%"
"05/07/2006","129.24","132.51","132.77","129.19","296.69M","-2.48%"
"04/30/2006","132.52","131.47","132.80","130.32","280.47M","0.80%"
"04/23/2006","131.47","130.93","131.75","129.59","384.64M","0.24%"
"04/16/2006","131.15","128.79","131.86","128.02","402.52M","1.90%"
"04/09/2006","128.71","129.71","130.08","128.25","208.48M","-0.64%"
"04/02/2006","129.54","130.07","131.40","129.35","305.16M","-0.22%"
"03/26/2006","129.83","130.03","130.98","129.05","309.66M","-0.29%"
"03/19/2006","130.21","130.64","130.99","129.45","274.65M","-0.31%"
"03/12/2006","130.62","128.84","131.47","128.53","283.41M","1.58%"
"03/05/2006","128.59","129.14","129.18","127.18","303.07M","-0.13%"
"02/26/2006","128.76","129.40","130.07","128.13","293.08M","-0.50%"
"02/19/2006","129.41","129.12","129.65","128.28","169.04M","0.47%"
"02/12/2006","128.81","126.57","129.21","125.95","330.17M","1.71%"
"02/05/2006","126.64","126.44","128.10","125.40","302.71M","0.29%"
"01/29/2006","126.27","128.44","128.81","126.14","340.10M","-1.77%"
"01/22/2006","128.54","126.21","128.66","125.84","345.08M","2.04%"
"01/15/2006","125.97","128.20","128.90","125.97","321.08M","-2.11%"
"01/08/2006","128.68","128.42","129.44","128.20","223.50M","0.19%"
"01/01/2006","128.44","125.10","128.58","124.39","235.85M","3.16%"
"12/25/2005","124.51","126.92","127.05","124.36","152.95M","-1.78%"
"12/18/2005","126.76","126.73","126.87","125.48","207.46M","0.32%"
"12/11/2005","126.36","126.71","128.57","125.96","303.58M","0.02%"
"12/04/2005","126.33","126.64","127.74","125.48","297.50M","-0.41%"
"11/27/2005","126.85","127.25","127.27","125.29","274.66M","-0.22%"
"11/20/2005","127.13","125.15","127.41","124.98","182.59M","1.60%"
"11/13/2005","125.13","123.76","125.76","122.86","293.98M","1.11%"
"11/06/2005","123.76","122.40","123.86","121.75","260.62M","1.35%"
"10/30/2005","122.11","120.29","122.66","120.13","365.90M","1.93%"
"10/23/2005","119.80","118.44","120.54","117.93","373.39M","1.41%"
"10/16/2005","118.13","118.77","119.81","117.12","489.27M","-0.46%"
"10/09/2005","118.67","119.68","119.71","116.88","416.59M","-0.79%"
"10/02/2005","119.61","122.96","123.34","118.17","434.75M","-2.79%"
"09/25/2005","123.04","122.02","123.04","121.02","309.77M","1.32%"
"09/18/2005","121.44","123.47","123.61","120.44","376.87M","-1.67%"
"09/11/2005","123.50","124.45","124.67","122.87","295.80M","-0.88%"
"09/04/2005","124.60","122.66","124.74","122.65","182.22M","1.91%"
"08/28/2005","122.27","120.41","123.15","120.38","355.79M","1.25%"
"08/21/2005","120.76","122.58","123.23","120.68","303.46M","-1.40%"
"08/14/2005","122.47","123.22","123.87","121.84","264.52M","-0.48%"
"08/07/2005","123.06","123.17","124.50","122.38","282.59M","0.15%"
"07/31/2005","122.88","123.83","124.74","122.67","231.14M","-0.70%"
"07/24/2005","123.74","123.41","124.64","122.37","256.61M","0.16%"
"07/17/2005","123.54","122.50","123.73","122.05","342.71M","0.57%"
"07/10/2005","122.84","121.33","123.44","121.31","264.15M","1.25%"
"07/03/2005","121.32","119.25","121.32","118.26","273.44M","1.50%"
"06/26/2005","119.53","118.97","120.40","118.75","248.93M","0.46%"
"06/19/2005","118.98","121.08","121.94","118.84","250.99M","-1.96%"
"06/12/2005","121.36","119.94","121.90","119.81","237.82M","0.97%"
"06/05/2005","120.20","120.02","121.25","119.44","246.72M","0.04%"
"05/29/2005","120.15","120.08","120.92","119.40","216.36M","-0.08%"
"05/22/2005","120.25","119.21","120.25","118.83","218.98M","0.95%"
"05/15/2005","119.12","115.70","119.41","115.66","298.10M","2.94%"
"05/08/2005","115.72","117.21","118.08","114.80","392.07M","-1.17%"
"05/01/2005","117.09","116.07","118.00","115.52","392.39M","1.16%"
"04/24/2005","115.75","115.86","116.77","113.97","391.47M","0.16%"
"04/17/2005","115.57","114.12","116.50","113.55","460.87M","1.24%"
"04/10/2005","114.15","118.29","119.06","114.10","432.20M","-3.26%"
"04/03/2005","118.00","117.36","119.26","116.74","286.52M","0.49%"
"03/27/2005","117.43","117.42","118.99","116.25","345.33M","0.25%"
"03/20/2005","117.14","118.71","118.93","116.75","278.73M","-1.18%"
"03/13/2005","118.54","120.61","121.46","118.15","300.18M","-1.54%"
"03/06/2005","120.39","122.66","123.25","120.16","285.52M","-1.91%"
"02/27/2005","122.73","121.15","122.83","120.04","299.51M","1.07%"
"02/20/2005","121.43","119.90","121.67","118.58","279.65M","0.86%"
"02/13/2005","120.39","120.69","121.46","119.90","236.49M","-0.31%"
"02/06/2005","120.77","120.25","121.04","119.25","240.36M","0.45%"
"01/30/2005","120.23","117.97","120.43","117.71","257.94M","2.38%"
"01/23/2005","117.43","117.09","117.75","116.37","301.83M","0.56%"
"01/16/2005","116.78","118.05","119.62","116.65","247.74M","-1.23%"
"01/09/2005","118.24","118.34","119.46","117.50","292.29M","-0.17%"
"01/02/2005","118.44","121.56","121.76","118.00","295.30M","-2.01%"
"12/26/2004","120.87","121.20","121.66","120.39","126.92M","0.08%"
"12/19/2004","120.77","119.75","121.28","119.17","137.56M","1.11%"
"12/12/2004","119.44","119.76","121.24","119.16","250.05M","0.09%"
"12/05/2004","119.33","119.21","119.64","117.73","237.87M","0.07%"
"11/28/2004","119.25","118.79","120.14","117.48","275.43M","0.76%"
"11/21/2004","118.35","117.17","118.98","117.03","124.77M","0.79%"
"11/14/2004","117.42","118.50","119.14","117.14","216.57M","-1.15%"
"11/07/2004","118.79","116.98","119.00","116.72","218.21M","1.29%"
"10/31/2004","117.28","113.56","117.64","113.20","288.86M","3.60%"
"10/24/2004","113.20","109.75","113.64","109.35","275.73M","2.92%"
"10/17/2004","109.99","110.89","112.23","109.75","259.05M","-1.14%"
"10/10/2004","111.26","112.78","113.07","110.57","244.58M","-1.11%"
"10/03/2004","112.51","114.09","114.68","112.35","204.34M","-1.00%"
"09/26/2004","113.65","111.10","113.65","110.41","221.69M","1.96%"
"09/19/2004","111.46","112.67","113.47","110.95","206.42M","-1.49%"
"09/12/2004","113.15","113.31","113.74","112.68","168.68M","0.08%"
"09/05/2004","113.06","112.54","113.27","112.03","132.62M","0.84%"
"08/29/2004","112.12","111.23","112.82","110.10","197.07M","0.60%"
"08/22/2004","111.45","110.55","111.63","109.85","154.55M","0.88%"
"08/15/2004","110.48","107.14","110.63","107.10","214.65M","3.07%"
"08/08/2004","107.19","107.02","108.41","106.59","238.30M","0.32%"
"08/01/2004","106.85","110.19","111.36","106.62","246.23M","-3.60%"
"07/25/2004","110.84","109.21","110.90","108.21","261.03M","1.73%"
"07/18/2004","108.96","110.75","112.06","108.69","265.44M","-1.58%"
"07/11/2004","110.71","111.52","112.39","110.44","196.06M","-0.91%"
"07/04/2004","111.73","112.37","112.57","111.20","141.47M","-1.02%"
"06/27/2004","112.88","114.53","114.79","112.58","214.73M","-0.84%"
"06/20/2004","113.84","113.75","114.94","112.67","170.14M","0.18%"
"06/13/2004","113.63","113.82","114.44","112.87","159.01M","-0.63%"
"06/06/2004","114.35","113.50","114.92","113.42","123.07M","1.21%"
"05/30/2004","112.98","112.46","113.58","111.87","152.34M","0.11%"
"05/23/2004","112.86","110.53","113.03","109.60","197.37M","2.78%"
"05/16/2004","109.81","108.89","111.18","108.41","225.93M","-0.21%"
"05/09/2004","110.04","109.44","110.81","108.06","326.26M","0.07%"
"05/02/2004","109.96","111.37","113.26","109.96","235.36M","-0.90%"
"04/25/2004","110.96","114.50","115.12","110.90","247.64M","-2.97%"
"04/18/2004","114.36","113.57","114.67","111.78","223.50M","0.47%"
"04/11/2004","113.83","114.58","115.30","112.36","250.37M","-0.47%"
"04/04/2004","114.37","114.46","115.41","113.74","151.61M","-0.24%"
"03/28/2004","114.64","111.63","114.84","111.58","227.92M","3.25%"
"03/21/2004","111.03","110.54","111.79","108.85","255.89M","-0.03%"
"03/14/2004","111.06","112.27","113.27","110.84","268.38M","-1.35%"
"03/07/2004","112.58","116.34","116.62","111.10","290.33M","-3.27%"
"02/29/2004","116.38","115.43","116.97","114.92","180.16M","1.18%"
"02/22/2004","115.02","115.22","115.74","113.03","180.52M","0.12%"
"02/15/2004","114.88","115.85","116.60","114.32","150.57M","-0.22%"
"02/08/2004","115.13","114.67","116.39","114.26","168.35M","0.59%"
"02/01/2004","114.45","113.70","114.70","112.78","176.88M","0.85%"
"01/25/2004","113.48","114.44","116.50","112.56","209.86M","-0.83%"
"01/18/2004","114.43","114.53","115.38","113.72","140.51M","0.18%"
"01/11/2004","114.23","112.55","114.31","111.76","188.37M","1.64%"
"01/04/2004","112.39","111.78","113.50","111.59","169.80M","1.04%"
"12/28/2003","111.23","110.10","112.19","109.78","111.72M","1.39%"
"12/21/2003","109.70","108.83","110.08","108.78","68.76M","0.73%"
"12/14/2003","108.90","109.17","109.73","107.48","166.06M","0.70%"
"12/07/2003","108.14","106.74","108.20","105.96","192.68M","1.21%"
"11/30/2003","106.85","106.93","108.08","106.62","178.14M","0.38%"
"11/23/2003","106.45","104.69","106.66","104.68","110.14M","2.15%"
"11/16/2003","104.21","104.91","105.45","103.62","199.12M","-1.19%"
"11/09/2003","105.46","105.74","106.95","104.80","159.30M","-0.14%"
"11/02/2003","105.61","105.75","106.72","104.90","162.85M","0.29%"
"10/26/2003","105.30","103.74","105.97","103.27","163.26M","1.66%"
"10/19/2003","103.58","104.45","105.28","102.18","186.86M","-0.65%"
"10/12/2003","104.26","104.72","105.89","103.98","167.83M","-0.30%"
"10/05/2003","104.57","103.48","105.22","102.91","156.62M","1.14%"
"09/28/2003","103.39","100.30","104.28","99.25","266.84M","3.44%"
"09/21/2003","99.95","102.85","103.29","99.85","207.04M","-3.59%"
"09/14/2003","103.67","102.52","104.70","101.95","156.03M","1.19%"
"09/07/2003","102.45","103.04","103.88","101.35","194.95M","-0.37%"
"08/31/2003","102.83","101.64","103.70","101.05","155.85M","1.37%"
"08/24/2003","101.44","99.71","101.48","98.83","143.72M","1.67%"
"08/17/2003","99.77","99.93","101.82","99.73","182.22M","0.15%"
"08/10/2003","99.62","98.26","99.85","97.84","162.99M","1.36%"
"08/03/2003","98.28","98.31","99.00","96.34","239.39M","-0.23%"
"07/27/2003","98.51","100.37","100.98","98.24","224.87M","-1.72%"
"07/20/2003","100.23","99.45","100.34","97.85","206.96M","0.72%"
"07/13/2003","99.51","101.20","101.90","98.16","230.64M","-0.73%"
"07/06/2003","100.24","99.65","101.40","98.63","191.15M","1.52%"
"06/29/2003","98.74","98.22","99.85","96.43","150.83M","1.11%"
"06/22/2003","97.66","99.45","99.66","96.96","206.22M","-1.79%"
"06/15/2003","99.44","99.96","102.18","99.42","193.92M","-0.12%"
"06/08/2003","99.56","98.77","100.90","97.77","191.29M","0.30%"
"06/01/2003","99.26","97.53","101.40","96.67","246.54M","2.38%"
"05/25/2003","96.95","93.30","97.09","93.18","185.01M","3.40%"
"05/18/2003","93.76","94.15","94.89","91.60","213.18M","-1.17%"
"05/11/2003","94.87","93.50","95.45","93.28","190.08M","1.22%"
"05/04/2003","93.73","93.47","94.38","92.28","195.92M","0.56%"
"04/27/2003","93.21","90.44","93.47","90.30","248.40M","3.30%"
"04/20/2003","90.23","89.86","92.35","88.89","230.18M","0.75%"
"04/13/2003","89.56","87.47","90.07","87.00","176.27M","2.77%"
"04/06/2003","87.15","90.34","90.85","86.54","255.18M","-1.21%"
"03/30/2003","88.22","85.35","88.99","84.40","250.52M","1.74%"
"03/23/2003","86.71","88.02","88.26","85.99","258.30M","-3.30%"
"03/16/2003","89.67","83.46","89.88","83.22","327.83M","6.59%"
"03/09/2003","84.13","82.60","84.77","79.38","287.85M","0.97%"
"03/02/2003","83.32","85.26","85.78","81.43","223.59M","-1.86%"
"02/23/2003","84.90","84.93","85.23","82.22","221.16M","-0.33%"
"02/16/2003","85.18","84.53","85.80","83.46","161.23M","1.22%"
"02/09/2003","84.15","83.47","84.71","81.00","245.96M","0.88%"
"02/02/2003","83.42","86.14","86.82","82.97","235.70M","-3.07%"
"01/26/2003","86.06","85.73","87.18","84.15","264.25M","-0.37%"
"01/19/2003","86.38","90.87","90.92","86.17","209.98M","-4.72%"
"01/12/2003","90.66","93.54","93.86","90.15","177.15M","-2.58%"
"01/05/2003","93.06","91.24","93.64","91.05","191.04M","1.87%"
"12/29/2002","91.35","87.80","91.39","87.11","140.88M","4.54%"
"12/22/2002","87.38","89.59","90.61","87.38","73.29M","-2.90%"
"12/15/2002","89.99","89.82","91.79","88.60","175.65M","0.73%"
"12/08/2002","89.34","91.07","91.62","89.27","180.91M","-2.92%"
"12/01/2002","92.03","95.47","96.05","89.98","235.34M","-2.07%"
"11/24/2002","93.98","93.43","94.95","91.62","133.51M","0.60%"
"11/17/2002","93.42","92.15","94.27","89.76","186.34M","2.21%"
"11/10/2002","91.40","89.52","91.55","87.45","206.45M","1.95%"
"11/03/2002","89.65","91.80","93.07","89.52","241.22M","-0.69%"
"10/27/2002","90.27","91.15","91.29","87.00","234.20M","0.08%"
"10/20/2002","90.20","88.12","90.90","87.57","241.34M","1.76%"
"10/13/2002","88.64","83.20","89.30","83.04","302.87M","5.32%"
"10/06/2002","84.16","80.06","84.73","77.07","371.76M","4.16%"
"09/29/2002","80.80","82.00","85.77","79.58","321.52M","-2.36%"
"09/22/2002","82.75","83.65","85.97","81.85","294.26M","-1.90%"
"09/15/2002","84.35","89.32","91.19","84.05","225.64M","-5.93%"
"09/08/2002","89.67","89.10","93.33","88.25","188.03M","-0.37%"
"09/01/2002","90.00","90.73","91.00","87.50","233.75M","-1.94%"
"08/25/2002","91.78","94.91","96.25","90.81","192.19M","-2.98%"
"08/18/2002","94.60","93.46","97.15","93.10","175.95M","1.48%"
"08/11/2002","93.22","90.00","94.08","88.02","215.11M","2.11%"
"08/04/2002","91.29","86.50","91.94","83.55","246.44M","5.18%"
"07/28/2002","86.79","87.51","91.55","85.62","264.20M","1.39%"
"07/21/2002","85.60","84.11","85.93","77.68","388.20M","1.05%"
"07/14/2002","84.71","91.64","93.30","84.30","290.07M","-7.77%"
"07/07/2002","91.85","98.98","99.70","90.32","196.86M","-7.51%"
"06/30/2002","99.31","99.19","99.80","93.73","104.09M","0.35%"
"06/23/2002","98.96","98.61","100.89","95.19","168.44M","-0.32%"
"06/16/2002","99.28","101.92","105.03","98.69","118.01M","-2.09%"
"06/09/2002","101.40","103.24","104.54","98.50","130.35M","-1.88%"
"06/02/2002","103.34","107.09","107.60","101.72","119.05M","-3.62%"
"05/26/2002","107.22","109.05","109.13","105.90","77.06M","-1.35%"
"05/19/2002","108.69","110.64","110.69","108.00","72.32M","-1.99%"
"05/12/2002","110.90","106.22","111.25","105.80","134.37M","4.90%"
"05/05/2002","105.72","107.65","109.36","104.90","111.05M","-1.73%"
"04/28/2002","107.58","107.93","109.91","106.63","95.64M","0.18%"
"04/21/2002","107.39","112.38","112.43","107.29","95.03M","-4.86%"
"04/14/2002","112.88","111.62","113.67","110.20","81.25M","1.31%"
"04/07/2002","111.42","111.32","113.54","110.50","89.21M","-1.13%"
"03/31/2002","112.69","114.23","115.10","112.16","101.94M","-1.60%"
"03/24/2002","114.52","115.09","115.77","113.30","74.02M","-0.45%"
"03/17/2002","115.04","117.10","117.74","114.12","94.72M","-1.38%"
"03/10/2002","116.65","116.89","117.90","115.63","82.35M","-0.29%"
"03/03/2002","116.99","113.90","117.91","113.65","109.35M","2.86%"
"02/24/2002","113.74","109.75","113.85","109.70","118.36M","3.74%"
"02/17/2002","109.64","110.15","110.63","107.82","98.11M","-1.13%"
"02/10/2002","110.89","110.05","112.97","109.82","88.38M","0.73%"
"02/03/2002","110.09","112.23","112.23","108.00","130.26M","-2.27%"
"01/27/2002","112.65","113.90","114.19","108.40","108.79M","-0.79%"
"01/20/2002","113.55","113.75","114.25","112.02","49.10M","0.35%"
"01/13/2002","113.15","114.65","115.39","112.67","84.34M","-1.56%"
"01/06/2002","114.94","117.70","117.99","114.70","68.94M","-2.28%"
"12/30/2001","117.62","116.15","117.98","113.81","69.16M","1.40%"
"12/23/2001","116.00","114.83","116.75","114.61","36.04M","0.91%"
"12/16/2001","114.95","112.99","115.92","112.90","76.67M","1.61%"
"12/09/2001","113.13","115.85","116.39","112.00","86.63M","-2.94%"
"12/02/2001","116.56","113.65","118.00","113.01","94.55M","2.20%"
"11/25/2001","114.05","115.75","116.90","113.00","84.19M","-1.41%"
"11/18/2001","115.68","114.92","115.85","113.51","48.09M","1.15%"
"11/11/2001","114.36","111.00","115.40","110.00","96.65M","1.45%"
"11/04/2001","112.72","110.12","114.08","109.85","97.71M","3.18%"
"10/28/2001","109.25","110.16","110.55","105.56","120.46M","-0.97%"
"10/21/2001","110.32","107.30","111.79","106.74","101.83M","2.77%"
"10/14/2001","107.35","108.63","111.15","106.01","99.80M","-1.96%"
"10/07/2001","109.50","106.28","110.30","105.52","103.32M","2.12%"
"09/30/2001","107.23","103.90","108.97","102.83","134.87M","2.67%"
"09/23/2001","104.44","99.73","104.60","99.06","111.93M","7.36%"
"09/16/2001","97.28","101.00","106.40","93.80","183.19M","-11.60%"
"09/09/2001","110.05","107.70","110.35","107.70","23.41M","1.22%"
"09/02/2001","108.72","113.85","116.17","108.63","100.74M","-4.76%"
"08/26/2001","114.15","118.97","119.20","112.04","69.34M","-4.09%"
"08/19/2001","119.02","116.80","119.13","115.78","57.09M","1.94%"
"08/12/2001","116.75","119.60","120.35","116.01","51.47M","-2.13%"
"08/05/2001","119.29","121.35","121.51","117.34","57.89M","-2.17%"
"07/29/2001","121.94","121.19","123.25","120.30","54.30M","0.94%"
"07/22/2001","120.81","121.80","121.88","116.75","53.84M","-0.44%"
"07/15/2001","121.34","121.77","122.98","119.83","38.88M","-0.74%"
"07/08/2001","122.24","119.49","122.32","117.09","54.79M","2.68%"
"07/01/2001","119.05","122.80","124.32","119.05","29.01M","-2.90%"
"06/24/2001","122.60","123.28","124.01","120.57","46.61M","-0.20%"
"06/17/2001","122.85","121.65","124.31","120.89","52.37M","0.82%"
"06/10/2001","121.85","126.71","126.99","120.40","53.44M","-4.06%"
"06/03/2001","127.00","126.80","129.23","126.08","42.35M","0.21%"
"05/27/2001","126.73","128.23","128.35","125.00","37.78M","-1.07%"
"05/20/2001","128.10","129.84","132.09","127.90","47.54M","-1.26%"
"05/13/2001","129.74","124.90","130.08","124.46","51.12M","3.67%"
"05/06/2001","125.15","126.86","127.50","124.40","38.26M","-1.72%"
"04/29/2001","127.34","126.45","127.69","123.44","52.99M","1.24%"
"04/22/2001","125.78","123.65","125.84","120.95","45.39M","1.03%"
"04/15/2001","124.50","118.29","126.00","116.91","72.21M","4.75%"
"04/08/2001","118.85","114.00","118.99","112.78","48.88M","4.90%"
"04/01/2001","113.30","116.30","117.38","109.30","74.75M","-2.91%"
"03/25/2001","116.69","115.70","118.65","112.14","55.03M","1.93%"
"03/18/2001","114.48","115.76","118.46","108.04","85.65M","-0.46%"
"03/11/2001","115.01","122.34","122.50","114.81","115.63M","-6.77%"
"03/04/2001","123.36","124.15","127.75","123.11","34.66M","-0.20%"
"02/25/2001","123.61","125.80","127.84","121.75","64.99M","-1.08%"
"02/18/2001","124.96","131.04","131.14","121.80","58.13M","-4.17%"
"02/11/2001","130.40","131.70","134.17","129.30","33.16M","-1.09%"
"02/04/2001","131.84","134.80","136.70","131.26","33.06M","-2.20%"
"01/28/2001","134.80","135.50","138.70","134.75","40.00M","-0.79%"
"01/21/2001","135.88","134.25","137.31","133.56","39.67M","1.39%"
"01/14/2001","134.02","132.00","136.19","131.52","32.33M","1.53%"
"01/07/2001","132.00","129.88","133.72","127.69","35.56M","2.18%"
"12/31/2000","129.19","132.00","136.00","127.56","50.30M","-1.52%"
"12/24/2000","131.19","130.84","134.28","130.28","26.65M","0.19%"
"12/17/2000","130.94","132.06","134.97","125.53","51.36M","-0.02%"
"12/10/2000","130.97","137.38","139.56","130.56","34.34M","-2.24%"
"12/03/2000","133.97","131.88","139.12","131.50","45.57M","1.32%"
"11/26/2000","132.22","136.47","136.69","129.75","37.03M","-1.94%"
"11/19/2000","134.84","135.75","136.38","132.12","22.29M","-1.32%"
"11/12/2000","136.64","135.62","140.11","133.02","47.03M","0.01%"
"11/05/2000","136.62","143.16","144.30","136.53","34.60M","-4.31%"
"10/29/2000","142.78","138.44","143.91","138.16","41.24M","2.51%"
"10/22/2000","139.28","139.94","141.94","134.03","39.29M","-0.45%"
"10/15/2000","139.91","137.41","141.19","130.16","40.53M","1.71%"
"10/08/2000","137.56","141.31","141.31","132.78","45.09M","-2.48%"
"10/01/2000","141.06","144.28","145.75","139.75","35.60M","-1.78%"
"09/24/2000","143.62","145.94","146.33","142.12","38.58M","-1.14%"
"09/17/2000","145.28","146.38","146.97","142.42","31.97M","-0.49%"
"09/10/2000","146.00","149.75","151.19","146.00","23.88M","-2.54%"
"09/03/2000","149.81","151.88","152.20","149.33","15.58M","-1.76%"
"08/27/2000","152.50","151.25","153.59","150.34","21.10M","0.83%"
"08/20/2000","151.25","150.03","151.62","149.28","18.29M","1.04%"
"08/13/2000","149.69","147.78","150.44","147.06","24.00M","1.55%"
"08/06/2000","147.41","146.72","149.22","145.56","22.49M","0.70%"
"07/30/2000","146.38","142.94","146.72","142.06","24.95M","3.02%"
"07/23/2000","142.09","148.12","148.86","141.52","36.33M","-3.79%"
"07/16/2000","147.69","150.98","151.98","147.69","27.17M","-2.35%"
"07/09/2000","151.25","147.88","151.25","147.16","24.83M","2.13%"
"07/02/2000","148.09","145.44","148.78","144.22","13.18M","1.93%"
"06/25/2000","145.28","145.38","146.98","143.52","28.47M","0.62%"
"06/18/2000","144.38","146.47","149.16","143.88","27.06M","-1.51%"
"06/11/2000","146.59","146.97","148.88","144.62","27.91M","0.00%"
"06/04/2000","146.59","147.47","148.22","145.62","25.58M","-0.85%"
"05/28/2000","147.84","140.00","149.09","139.47","29.34M","7.13%"
"05/21/2000","138.00","141.25","141.81","136.50","43.00M","-2.21%"
"05/14/2000","141.12","142.75","147.72","140.41","29.38M","-1.18%"
"05/07/2000","142.81","142.75","143.47","137.75","34.03M","-0.50%"
"04/30/2000","143.53","146.56","148.48","139.78","43.20M","-1.08%"
"04/23/2000","145.09","141.50","148.75","140.50","59.04M","0.89%"
"04/16/2000","143.81","135.19","145.12","134.69","50.08M","5.74%"
"04/09/2000","136.00","151.75","153.11","133.50","71.24M","-10.20%"
"04/02/2000","151.44","150.12","153.00","141.39","50.20M","0.70%"
"03/26/2000","150.38","153.38","153.78","147.12","40.62M","-2.07%"
"03/19/2000","153.56","146.88","155.75","144.50","57.49M","4.51%"
"03/12/2000","146.94","136.69","148.00","136.06","64.98M","4.87%"
"03/05/2000","140.12","140.81","142.00","135.03","57.26M","-0.71%"
"02/27/2000","141.12","133.38","141.72","132.72","48.88M","5.84%"
"02/20/2000","133.33","135.19","137.47","133.09","56.47M","-1.46%"
"02/13/2000","135.31","139.78","141.22","134.62","45.45M","-2.44%"
"02/06/2000","138.69","142.56","144.56","138.03","35.83M","-2.74%"
"01/30/2000","142.59","135.81","144.00","135.00","38.32M","4.94%"
"01/23/2000","135.88","145.66","145.84","135.53","45.84M","-5.93%"
"01/16/2000","144.44","145.34","147.00","143.81","24.69M","-1.72%"
"01/09/2000","146.97","146.25","147.47","142.88","32.75M","0.84%"
"01/02/2000","145.75","148.25","148.25","137.25","42.73M","-0.77%"