"date","open","high","low","close","volume","pct_chg"
2000-01-02,148.25,148.25,137.25,145.75,42730000,-0.0077
2000-01-09,146.25,147.47,142.88,146.97,32750000,0.0084
2000-01-16,145.34,147,143.81,144.44,24690000,-0.0172
2000-01-23,145.66,145.84,135.53,135.88,45840000,-0.0593
2000-01-30,135.81,144,135,142.59,38320000,0.0494
2000-02-06,142.56,144.56,138.03,138.69,35830000,-0.0274
2000-02-13,139.78,141.22,134.62,135.31,45450000,-0.0244
2000-02-20,135.19,137.47,133.09,133.33,56470000,-0.0146
2000-02-27,133.38,141.72,132.72,141.12,48880000,0.0584
2000-03-05,140.81,142,135.03,140.12,57260000,-0.0071
2000-03-12,136.69,148,136.06,146.94,64980000,0.0487
2000-03-19,146.88,155.75,144.5,153.56,57490000,0.0451
2000-03-26,153.38,153.78,147.12,150.38,40620000,-0.0207
2000-04-02,150.12,153,141.39,151.44,50200000,0.007
2000-04-09,151.75,153.11,133.5,136,71240000,-0.102
2000-04-16,135.19,145.12,134.69,143.81,50080000,0.0574
2000-04-23,141.5,148.75,140.5,145.09,59040000,0.0089
2000-04-30,146.56,148.48,139.78,143.53,43200000,-0.0108
2000-05-07,142.75,143.47,137.75,142.81,34030000,-0.005
2000-05-14,142.75,147.72,140.41,141.12,29380000,-0.0118
2000-05-21,141.25,141.81,136.5,138,4.3e+07,-0.0221
2000-05-28,140,149.09,139.47,147.84,29340000,0.0713
2000-06-04,147.47,148.22,145.62,146.59,25580000,-0.0085
2000-06-11,146.97,148.88,144.62,146.59,27910000,0
2000-06-18,146.47,149.16,143.88,144.38,27060000,-0.0151
2000-06-25,145.38,146.98,143.52,145.28,28470000,0.0062
2000-07-02,145.44,148.78,144.22,148.09,13180000,0.0193
2000-07-09,147.88,151.25,147.16,151.25,24830000,0.0213
2000-07-16,150.98,151.98,147.69,147.69,27170000,-0.0235
2000-07-23,148.12,148.86,141.52,142.09,36330000,-0.0379
2000-07-30,142.94,146.72,142.06,146.38,24950000,0.0302
2000-08-06,146.72,149.22,145.56,147.41,22490000,0.007
2000-08-13,147.78,150.44,147.06,149.69,2.4e+07,0.0155
2000-08-20,150.03,151.62,149.28,151.25,18290000,0.0104
2000-08-27,151.25,153.59,150.34,152.5,21100000,0.0083
2000-09-03,151.88,152.2,149.33,149.81,15580000,-0.0176
2000-09-10,149.75,151.19,146,146,23880000,-0.0254
2000-09-17,146.38,146.97,142.42,145.28,31970000,-0.0049
2000-09-24,145.94,146.33,142.12,143.62,38580000,-0.0114
2000-10-01,144.28,145.75,139.75,141.06,35600000,-0.0178
2000-10-08,141.31,141.31,132.78,137.56,45090000,-0.0248
2000-10-15,137.41,141.19,130.16,139.91,40530000,0.0171
2000-10-22,139.94,141.94,134.03,139.28,39290000,-0.0045
2000-10-29,138.44,143.91,138.16,142.78,41240000,0.0251
2000-11-05,143.16,144.3,136.53,136.62,34600000,-0.0431
2000-11-12,135.62,140.11,133.02,136.64,47030000,1e-04
2000-11-19,135.75,136.38,132.12,134.84,22290000,-0.0132
2000-11-26,136.47,136.69,129.75,132.22,37030000,-0.0194
2000-12-03,131.88,139.12,131.5,133.97,45570000,0.0132
2000-12-10,137.38,139.56,130.56,130.97,34340000,-0.0224
2000-12-17,132.06,134.97,125.53,130.94,51360000,-2e-04
2000-12-24,130.84,134.28,130.28,131.19,26650000,0.0019
2000-12-31,132,136,127.56,129.19,50300000,-0.0152
2001-01-07,129.88,133.72,127.69,132,35560000,0.0218
2001-01-14,132,136.19,131.52,134.02,32330000,0.0153
2001-01-21,134.25,137.31,133.56,135.88,39670000,0.0139
2001-01-28,135.5,138.7,134.75,134.8,4e+07,-0.0079
2001-02-04,134.8,136.7,131.26,131.84,33060000,-0.022
2001-02-11,131.7,134.17,129.3,130.4,33160000,-0.0109
2001-02-18,131.04,131.14,121.8,124.96,58130000,-0.0417
2001-02-25,125.8,127.84,121.75,123.61,64990000,-0.0108
2001-03-04,124.15,127.75,123.11,123.36,34660000,-0.002
2001-03-11,122.34,122.5,114.81,115.01,115630000,-0.0677
2001-03-18,115.76,118.46,108.04,114.48,85650000,-0.0046
2001-03-25,115.7,118.65,112.14,116.69,55030000,0.0193
2001-04-01,116.3,117.38,109.3,113.3,74750000,-0.0291
2001-04-08,114,118.99,112.78,118.85,48880000,0.049
2001-04-15,118.29,126,116.91,124.5,72210000,0.0475
2001-04-22,123.65,125.84,120.95,125.78,45390000,0.0103
2001-04-29,126.45,127.69,123.44,127.34,52990000,0.0124
2001-05-06,126.86,127.5,124.4,125.15,38260000,-0.0172
2001-05-13,124.9,130.08,124.46,129.74,51120000,0.0367
2001-05-20,129.84,132.09,127.9,128.1,47540000,-0.0126
2001-05-27,128.23,128.35,125,126.73,37780000,-0.0107
2001-06-03,126.8,129.23,126.08,127,42350000,0.0021
2001-06-10,126.71,126.99,120.4,121.85,53440000,-0.0406
2001-06-17,121.65,124.31,120.89,122.85,52370000,0.0082
2001-06-24,123.28,124.01,120.57,122.6,46610000,-0.002
2001-07-01,122.8,124.32,119.05,119.05,29010000,-0.029
2001-07-08,119.49,122.32,117.09,122.24,54790000,0.0268
2001-07-15,121.77,122.98,119.83,121.34,38880000,-0.0074
2001-07-22,121.8,121.88,116.75,120.81,53840000,-0.0044
2001-07-29,121.19,123.25,120.3,121.94,54300000,0.0094
2001-08-05,121.35,121.51,117.34,119.29,57890000,-0.0217
2001-08-12,119.6,120.35,116.01,116.75,51470000,-0.0213
2001-08-19,116.8,119.13,115.78,119.02,57090000,0.0194
2001-08-26,118.97,119.2,112.04,114.15,69340000,-0.0409
2001-09-02,113.85,116.17,108.63,108.72,100740000,-0.0476
2001-09-09,107.7,110.35,107.7,110.05,23410000,0.0122
2001-09-16,101,106.4,93.8,97.28,183190000,-0.116
2001-09-23,99.73,104.6,99.06,104.44,111930000,0.0736
2001-09-30,103.9,108.97,102.83,107.23,134870000,0.0267
2001-10-07,106.28,110.3,105.52,109.5,103320000,0.0212
2001-10-14,108.63,111.15,106.01,107.35,99800000,-0.0196
2001-10-21,107.3,111.79,106.74,110.32,101830000,0.0277
2001-10-28,110.16,110.55,105.56,109.25,120460000,-0.0097
2001-11-04,110.12,114.08,109.85,112.72,97710000,0.0318
2001-11-11,111,115.4,110,114.36,96650000,0.0145
2001-11-18,114.92,115.85,113.51,115.68,48090000,0.0115
2001-11-25,115.75,116.9,113,114.05,84190000,-0.0141
2001-12-02,113.65,118,113.01,116.56,94550000,0.022
2001-12-09,115.85,116.39,112,113.13,86630000,-0.0294
2001-12-16,112.99,115.92,112.9,114.95,76670000,0.0161
2001-12-23,114.83,116.75,114.61,116,36040000,0.0091
2001-12-30,116.15,117.98,113.81,117.62,69160000,0.014
2002-01-06,117.7,117.99,114.7,114.94,68940000,-0.0228
2002-01-13,114.65,115.39,112.67,113.15,84340000,-0.0156
2002-01-20,113.75,114.25,112.02,113.55,49100000,0.0035
2002-01-27,113.9,114.19,108.4,112.65,108790000,-0.0079
2002-02-03,112.23,112.23,108,110.09,130260000,-0.0227
2002-02-10,110.05,112.97,109.82,110.89,88380000,0.0073
2002-02-17,110.15,110.63,107.82,109.64,98110000,-0.0113
2002-02-24,109.75,113.85,109.7,113.74,118360000,0.0374
2002-03-03,113.9,117.91,113.65,116.99,109350000,0.0286
2002-03-10,116.89,117.9,115.63,116.65,82350000,-0.0029
2002-03-17,117.1,117.74,114.12,115.04,94720000,-0.0138
2002-03-24,115.09,115.77,113.3,114.52,74020000,-0.0045
2002-03-31,114.23,115.1,112.16,112.69,101940000,-0.016
2002-04-07,111.32,113.54,110.5,111.42,89210000,-0.0113
2002-04-14,111.62,113.67,110.2,112.88,81250000,0.0131
2002-04-21,112.38,112.43,107.29,107.39,95030000,-0.0486
2002-04-28,107.93,109.91,106.63,107.58,95640000,0.0018
2002-05-05,107.65,109.36,104.9,105.72,111050000,-0.0173
2002-05-12,106.22,111.25,105.8,110.9,134370000,0.049
2002-05-19,110.64,110.69,108,108.69,72320000,-0.0199
2002-05-26,109.05,109.13,105.9,107.22,77060000,-0.0135
2002-06-02,107.09,107.6,101.72,103.34,119050000,-0.0362
2002-06-09,103.24,104.54,98.5,101.4,130350000,-0.0188
2002-06-16,101.92,105.03,98.69,99.28,118010000,-0.0209
2002-06-23,98.61,100.89,95.19,98.96,168440000,-0.0032
2002-06-30,99.19,99.8,93.73,99.31,104090000,0.0035
2002-07-07,98.98,99.7,90.32,91.85,196860000,-0.0751
2002-07-14,91.64,93.3,84.3,84.71,290070000,-0.0777
2002-07-21,84.11,85.93,77.68,85.6,388200000,0.0105
2002-07-28,87.51,91.55,85.62,86.79,264200000,0.0139
2002-08-04,86.5,91.94,83.55,91.29,246440000,0.0518
2002-08-11,90,94.08,88.02,93.22,215110000,0.0211
2002-08-18,93.46,97.15,93.1,94.6,175950000,0.0148
2002-08-25,94.91,96.25,90.81,91.78,192190000,-0.0298
2002-09-01,90.73,91,87.5,90,233750000,-0.0194
2002-09-08,89.1,93.33,88.25,89.67,188030000,-0.0037
2002-09-15,89.32,91.19,84.05,84.35,225640000,-0.0593
2002-09-22,83.65,85.97,81.85,82.75,294260000,-0.019
2002-09-29,82,85.77,79.58,80.8,321520000,-0.0236
2002-10-06,80.06,84.73,77.07,84.16,371760000,0.0416
2002-10-13,83.2,89.3,83.04,88.64,302870000,0.0532
2002-10-20,88.12,90.9,87.57,90.2,241340000,0.0176
2002-10-27,91.15,91.29,87,90.27,234200000,8e-04
2002-11-03,91.8,93.07,89.52,89.65,241220000,-0.0069
2002-11-10,89.52,91.55,87.45,91.4,206450000,0.0195
2002-11-17,92.15,94.27,89.76,93.42,186340000,0.0221
2002-11-24,93.43,94.95,91.62,93.98,133510000,0.006
2002-12-01,95.47,96.05,89.98,92.03,235340000,-0.0207
2002-12-08,91.07,91.62,89.27,89.34,180910000,-0.0292
2002-12-15,89.82,91.79,88.6,89.99,175650000,0.0073
2002-12-22,89.59,90.61,87.38,87.38,73290000,-0.029
2002-12-29,87.8,91.39,87.11,91.35,140880000,0.0454
2003-01-05,91.24,93.64,91.05,93.06,191040000,0.0187
2003-01-12,93.54,93.86,90.15,90.66,177150000,-0.0258
2003-01-19,90.87,90.92,86.17,86.38,209980000,-0.0472
2003-01-26,85.73,87.18,84.15,86.06,264250000,-0.0037
2003-02-02,86.14,86.82,82.97,83.42,235700000,-0.0307
2003-02-09,83.47,84.71,81,84.15,245960000,0.0088
2003-02-16,84.53,85.8,83.46,85.18,161230000,0.0122
2003-02-23,84.93,85.23,82.22,84.9,221160000,-0.0033
2003-03-02,85.26,85.78,81.43,83.32,223590000,-0.0186
2003-03-09,82.6,84.77,79.38,84.13,287850000,0.0097
2003-03-16,83.46,89.88,83.22,89.67,327830000,0.0659
2003-03-23,88.02,88.26,85.99,86.71,258300000,-0.033
2003-03-30,85.35,88.99,84.4,88.22,250520000,0.0174
2003-04-06,90.34,90.85,86.54,87.15,255180000,-0.0121
2003-04-13,87.47,90.07,87,89.56,176270000,0.0277
2003-04-20,89.86,92.35,88.89,90.23,230180000,0.0075
2003-04-27,90.44,93.47,90.3,93.21,248400000,0.033
2003-05-04,93.47,94.38,92.28,93.73,195920000,0.0056
2003-05-11,93.5,95.45,93.28,94.87,190080000,0.0122
2003-05-18,94.15,94.89,91.6,93.76,213180000,-0.0117
2003-05-25,93.3,97.09,93.18,96.95,185010000,0.034
2003-06-01,97.53,101.4,96.67,99.26,246540000,0.0238
2003-06-08,98.77,100.9,97.77,99.56,191290000,0.003
2003-06-15,99.96,102.18,99.42,99.44,193920000,-0.0012
2003-06-22,99.45,99.66,96.96,97.66,206220000,-0.0179
2003-06-29,98.22,99.85,96.43,98.74,150830000,0.0111
2003-07-06,99.65,101.4,98.63,100.24,191150000,0.0152
2003-07-13,101.2,101.9,98.16,99.51,230640000,-0.0073
2003-07-20,99.45,100.34,97.85,100.23,206960000,0.0072
2003-07-27,100.37,100.98,98.24,98.51,224870000,-0.0172
2003-08-03,98.31,99,96.34,98.28,239390000,-0.0023
2003-08-10,98.26,99.85,97.84,99.62,162990000,0.0136
2003-08-17,99.93,101.82,99.73,99.77,182220000,0.0015
2003-08-24,99.71,101.48,98.83,101.44,143720000,0.0167
2003-08-31,101.64,103.7,101.05,102.83,155850000,0.0137
2003-09-07,103.04,103.88,101.35,102.45,194950000,-0.0037
2003-09-14,102.52,104.7,101.95,103.67,156030000,0.0119
2003-09-21,102.85,103.29,99.85,99.95,207040000,-0.0359
2003-09-28,100.3,104.28,99.25,103.39,266840000,0.0344
2003-10-05,103.48,105.22,102.91,104.57,156620000,0.0114
2003-10-12,104.72,105.89,103.98,104.26,167830000,-0.003
2003-10-19,104.45,105.28,102.18,103.58,186860000,-0.0065
2003-10-26,103.74,105.97,103.27,105.3,163260000,0.0166
2003-11-02,105.75,106.72,104.9,105.61,162850000,0.0029
2003-11-09,105.74,106.95,104.8,105.46,159300000,-0.0014
2003-11-16,104.91,105.45,103.62,104.21,199120000,-0.0119
2003-11-23,104.69,106.66,104.68,106.45,110140000,0.0215
2003-11-30,106.93,108.08,106.62,106.85,178140000,0.0038
2003-12-07,106.74,108.2,105.96,108.14,192680000,0.0121
2003-12-14,109.17,109.73,107.48,108.9,166060000,0.007
2003-12-21,108.83,110.08,108.78,109.7,68760000,0.0073
2003-12-28,110.1,112.19,109.78,111.23,111720000,0.0139
2004-01-04,111.78,113.5,111.59,112.39,169800000,0.0104
2004-01-11,112.55,114.31,111.76,114.23,188370000,0.0164
2004-01-18,114.53,115.38,113.72,114.43,140510000,0.0018
2004-01-25,114.44,116.5,112.56,113.48,209860000,-0.0083
2004-02-01,113.7,114.7,112.78,114.45,176880000,0.0085
2004-02-08,114.67,116.39,114.26,115.13,168350000,0.0059
2004-02-15,115.85,116.6,114.32,114.88,150570000,-0.0022
2004-02-22,115.22,115.74,113.03,115.02,180520000,0.0012
2004-02-29,115.43,116.97,114.92,116.38,180160000,0.0118
2004-03-07,116.34,116.62,111.1,112.58,290330000,-0.0327
2004-03-14,112.27,113.27,110.84,111.06,268380000,-0.0135
2004-03-21,110.54,111.79,108.85,111.03,255890000,-3e-04
2004-03-28,111.63,114.84,111.58,114.64,227920000,0.0325
2004-04-04,114.46,115.41,113.74,114.37,151610000,-0.0024
2004-04-11,114.58,115.3,112.36,113.83,250370000,-0.0047
2004-04-18,113.57,114.67,111.78,114.36,223500000,0.0047
2004-04-25,114.5,115.12,110.9,110.96,247640000,-0.0297
2004-05-02,111.37,113.26,109.96,109.96,235360000,-0.009
2004-05-09,109.44,110.81,108.06,110.04,326260000,7e-04
2004-05-16,108.89,111.18,108.41,109.81,225930000,-0.0021
2004-05-23,110.53,113.03,109.6,112.86,197370000,0.0278
2004-05-30,112.46,113.58,111.87,112.98,152340000,0.0011
2004-06-06,113.5,114.92,113.42,114.35,123070000,0.0121
2004-06-13,113.82,114.44,112.87,113.63,159010000,-0.0063
2004-06-20,113.75,114.94,112.67,113.84,170140000,0.0018
2004-06-27,114.53,114.79,112.58,112.88,214730000,-0.0084
2004-07-04,112.37,112.57,111.2,111.73,141470000,-0.0102
2004-07-11,111.52,112.39,110.44,110.71,196060000,-0.0091
2004-07-18,110.75,112.06,108.69,108.96,265440000,-0.0158
2004-07-25,109.21,110.9,108.21,110.84,261030000,0.0173
2004-08-01,110.19,111.36,106.62,106.85,246230000,-0.036
2004-08-08,107.02,108.41,106.59,107.19,238300000,0.0032
2004-08-15,107.14,110.63,107.1,110.48,214650000,0.0307
2004-08-22,110.55,111.63,109.85,111.45,154550000,0.0088
2004-08-29,111.23,112.82,110.1,112.12,197070000,0.006
2004-09-05,112.54,113.27,112.03,113.06,132620000,0.0084
2004-09-12,113.31,113.74,112.68,113.15,168680000,8e-04
2004-09-19,112.67,113.47,110.95,111.46,206420000,-0.0149
2004-09-26,111.1,113.65,110.41,113.65,221690000,0.0196
2004-10-03,114.09,114.68,112.35,112.51,204340000,-0.01
2004-10-10,112.78,113.07,110.57,111.26,244580000,-0.0111
2004-10-17,110.89,112.23,109.75,109.99,259050000,-0.0114
2004-10-24,109.75,113.64,109.35,113.2,275730000,0.0292
2004-10-31,113.56,117.64,113.2,117.28,288860000,0.036
2004-11-07,116.98,119,116.72,118.79,218210000,0.0129
2004-11-14,118.5,119.14,117.14,117.42,216570000,-0.0115
2004-11-21,117.17,118.98,117.03,118.35,124770000,0.0079
2004-11-28,118.79,120.14,117.48,119.25,275430000,0.0076
2004-12-05,119.21,119.64,117.73,119.33,237870000,7e-04
2004-12-12,119.76,121.24,119.16,119.44,250050000,9e-04
2004-12-19,119.75,121.28,119.17,120.77,137560000,0.0111
2004-12-26,121.2,121.66,120.39,120.87,126920000,8e-04
2005-01-02,121.56,121.76,118,118.44,295300000,-0.0201
2005-01-09,118.34,119.46,117.5,118.24,292290000,-0.0017
2005-01-16,118.05,119.62,116.65,116.78,247740000,-0.0123
2005-01-23,117.09,117.75,116.37,117.43,301830000,0.0056
2005-01-30,117.97,120.43,117.71,120.23,257940000,0.0238
2005-02-06,120.25,121.04,119.25,120.77,240360000,0.0045
2005-02-13,120.69,121.46,119.9,120.39,236490000,-0.0031
2005-02-20,119.9,121.67,118.58,121.43,279650000,0.0086
2005-02-27,121.15,122.83,120.04,122.73,299510000,0.0107
2005-03-06,122.66,123.25,120.16,120.39,285520000,-0.0191
2005-03-13,120.61,121.46,118.15,118.54,300180000,-0.0154
2005-03-20,118.71,118.93,116.75,117.14,278730000,-0.0118
2005-03-27,117.42,118.99,116.25,117.43,345330000,0.0025
2005-04-03,117.36,119.26,116.74,118,286520000,0.0049
2005-04-10,118.29,119.06,114.1,114.15,432200000,-0.0326
2005-04-17,114.12,116.5,113.55,115.57,460870000,0.0124
2005-04-24,115.86,116.77,113.97,115.75,391470000,0.0016
2005-05-01,116.07,118,115.52,117.09,392390000,0.0116
2005-05-08,117.21,118.08,114.8,115.72,392070000,-0.0117
2005-05-15,115.7,119.41,115.66,119.12,298100000,0.0294
2005-05-22,119.21,120.25,118.83,120.25,218980000,0.0095
2005-05-29,120.08,120.92,119.4,120.15,216360000,-8e-04
2005-06-05,120.02,121.25,119.44,120.2,246720000,4e-04
2005-06-12,119.94,121.9,119.81,121.36,237820000,0.0097
2005-06-19,121.08,121.94,118.84,118.98,250990000,-0.0196
2005-06-26,118.97,120.4,118.75,119.53,248930000,0.0046
2005-07-03,119.25,121.32,118.26,121.32,273440000,0.015
2005-07-10,121.33,123.44,121.31,122.84,264150000,0.0125
2005-07-17,122.5,123.73,122.05,123.54,342710000,0.0057
2005-07-24,123.41,124.64,122.37,123.74,256610000,0.0016
2005-07-31,123.83,124.74,122.67,122.88,231140000,-0.007
2005-08-07,123.17,124.5,122.38,123.06,282590000,0.0015
2005-08-14,123.22,123.87,121.84,122.47,264520000,-0.0048
2005-08-21,122.58,123.23,120.68,120.76,303460000,-0.014
2005-08-28,120.41,123.15,120.38,122.27,355790000,0.0125
2005-09-04,122.66,124.74,122.65,124.6,182220000,0.0191
2005-09-11,124.45,124.67,122.87,123.5,295800000,-0.0088
2005-09-18,123.47,123.61,120.44,121.44,376870000,-0.0167
2005-09-25,122.02,123.04,121.02,123.04,309770000,0.0132
2005-10-02,122.96,123.34,118.17,119.61,434750000,-0.0279
2005-10-09,119.68,119.71,116.88,118.67,416590000,-0.0079
2005-10-16,118.77,119.81,117.12,118.13,489270000,-0.0046
2005-10-23,118.44,120.54,117.93,119.8,373390000,0.0141
2005-10-30,120.29,122.66,120.13,122.11,365900000,0.0193
2005-11-06,122.4,123.86,121.75,123.76,260620000,0.0135
2005-11-13,123.76,125.76,122.86,125.13,293980000,0.0111
2005-11-20,125.15,127.41,124.98,127.13,182590000,0.016
2005-11-27,127.25,127.27,125.29,126.85,274660000,-0.0022
2005-12-04,126.64,127.74,125.48,126.33,297500000,-0.0041
2005-12-11,126.71,128.57,125.96,126.36,303580000,2e-04
2005-12-18,126.73,126.87,125.48,126.76,207460000,0.0032
2005-12-25,126.92,127.05,124.36,124.51,152950000,-0.0178
2006-01-01,125.1,128.58,124.39,128.44,235850000,0.0316
2006-01-08,128.42,129.44,128.2,128.68,223500000,0.0019
2006-01-15,128.2,128.9,125.97,125.97,321080000,-0.0211
2006-01-22,126.21,128.66,125.84,128.54,345080000,0.0204
2006-01-29,128.44,128.81,126.14,126.27,340100000,-0.0177
2006-02-05,126.44,128.1,125.4,126.64,302710000,0.0029
2006-02-12,126.57,129.21,125.95,128.81,330170000,0.0171
2006-02-19,129.12,129.65,128.28,129.41,169040000,0.0047
2006-02-26,129.4,130.07,128.13,128.76,293080000,-0.005
2006-03-05,129.14,129.18,127.18,128.59,303070000,-0.0013
2006-03-12,128.84,131.47,128.53,130.62,283410000,0.0158
2006-03-19,130.64,130.99,129.45,130.21,274650000,-0.0031
2006-03-26,130.03,130.98,129.05,129.83,309660000,-0.0029
2006-04-02,130.07,131.4,129.35,129.54,305160000,-0.0022
2006-04-09,129.71,130.08,128.25,128.71,208480000,-0.0064
2006-04-16,128.79,131.86,128.02,131.15,402520000,0.019
2006-04-23,130.93,131.75,129.59,131.47,384640000,0.0024
2006-04-30,131.47,132.8,130.32,132.52,280470000,0.008
2006-05-07,132.51,132.77,129.19,129.24,296690000,-0.0248
2006-05-14,128.79,130,125.8,127.1,503260000,-0.0166
2006-05-21,126.28,128.38,124.76,128.38,513280000,0.0101
2006-05-28,127.97,129.43,126.05,129,324820000,0.0048
2006-06-04,128.79,128.86,123.87,125.35,625690000,-0.0283
2006-06-11,125.88,126.36,122.34,124.65,673990000,-0.0056
2006-06-18,125.4,125.7,123.55,124.44,365500000,-0.0017
2006-06-25,124.54,127.66,123.65,127.23,335040000,0.0224
2006-07-02,127.43,128.01,126.29,126.61,226490000,-0.0049
2006-07-09,126.94,127.43,122.83,123.52,423030000,-0.0244
2006-07-16,123.5,126.3,122.39,123.95,553470000,0.0035
2006-07-23,124.44,128.14,124.44,127.98,442350000,0.0325
2006-07-30,127.66,129.43,126.6,128.2,339650000,0.0017
2006-08-06,127.9,128.6,126.28,127.01,332070000,-0.0093
2006-08-13,127.63,130.69,126.92,130.69,327330000,0.029
2006-08-20,130.18,130.52,129.19,129.81,269350000,-0.0067
2006-08-27,129.65,131.58,129.64,131.42,251940000,0.0124
2006-09-03,131.51,131.85,129.35,130.28,237560000,-0.0087
2006-09-10,129.86,132.45,129.48,131.96,335870000,0.0129
2006-09-17,131.79,132.77,131,131.47,386420000,-0.0037
2006-09-24,131.73,133.99,131.05,133.58,355350000,0.016
2006-10-01,133.54,135.41,132.34,135.01,332100000,0.0107
2006-10-08,134.85,136.71,134.3,136.63,314830000,0.012
2006-10-15,136.52,137.37,135.67,136.84,332680000,0.0015
2006-10-22,136.56,139,136.39,137.91,345100000,0.0078
2006-10-29,137.66,138.31,135.62,136.54,336070000,-0.0099
2006-11-05,136.96,139.14,136.86,138.24,359140000,0.0125
2006-11-12,138.18,140.68,138.07,140.42,365770000,0.0158
2006-11-19,140.3,141.16,139.94,140.35,197070000,-5e-04
2006-11-26,140.28,141.05,138.11,140.22,492920000,-9e-04
2006-12-03,140.25,142.3,140.23,141.42,357010000,0.0086
2006-12-10,141.42,143.24,140.89,142.34,308460000,0.0065
2006-12-17,142.54,142.88,140.67,140.75,266280000,-0.0112
2006-12-24,140.81,142.7,140.78,141.62,155190000,0.0062
2006-12-31,142.25,142.86,140.38,140.54,241180000,-0.0076
2007-01-07,140.82,143.24,140.25,143.24,333070000,0.0192
2007-01-14,143.07,143.46,142.31,142.82,221840000,-0.0029
2007-01-21,143.07,143.98,141.58,142.16,320380000,-0.0046
2007-01-28,142.19,144.95,141.74,144.81,347470000,0.0186
2007-02-04,144.7,145.36,143.39,143.94,308270000,-0.006
2007-02-11,143.94,145.95,143.19,145.73,274410000,0.0124
2007-02-18,145.56,146.42,144.06,145.3,271990000,-0.003
2007-02-25,145.83,145.95,138.05,138.67,898090000,-0.0456
2007-03-04,137.93,141.42,137.33,140.78,629030000,0.0152
2007-03-11,140.42,141.34,136.75,138.53,757350000,-0.016
2007-03-18,139.26,143.81,138.55,143.39,526450000,0.0351
2007-03-25,143.5,143.65,140.56,142,635090000,-0.0097
2007-04-01,142.16,144.44,140.89,144.24,272860000,0.0158
2007-04-08,144.65,145.32,143.34,145.32,4.16e+08,0.0075
2007-04-15,145.83,148.62,145.82,148.62,507510000,0.0227
2007-04-22,148.37,149.8,147.32,149.53,498190000,0.0061
2007-04-29,149.64,151.12,147.67,150.92,506940000,0.0093
2007-05-06,150.88,152.82,149.27,150.86,515300000,-4e-04
2007-05-13,150.86,152.62,149.79,152.62,604450000,0.0117
2007-05-20,152.58,153.5,150.74,151.69,662040000,-0.0061
2007-05-27,151.94,154.4,151.34,154.08,438850000,0.0158
2007-06-03,153.54,154.39,149.06,151.04,779730000,-0.0197
2007-06-10,150.93,153.66,149.55,153.07,832790000,0.0134
2007-06-17,153.38,153.58,149.85,150.55,787450000,-0.0165
2007-06-24,150.24,151.65,148.06,150.43,1e+09,-8e-04
2007-07-01,150.87,153.17,150.77,152.98,327790000,0.017
2007-07-08,153.16,155.46,150.52,154.85,6.74e+08,0.0122
2007-07-15,154.99,156,152.29,153.5,853230000,-0.0087
2007-07-22,154.18,154.72,145.05,145.11,1.53e+09,-0.0547
2007-07-29,145.93,149.46,143.2,143.8,1.72e+09,-0.009
2007-08-05,144.21,150.59,142.53,144.71,1.65e+09,0.0063
2007-08-12,146.5,146.89,137,144.71,1.7e+09,0
2007-08-19,145.17,148.33,143.29,148.33,850360000,0.025
2007-08-26,147.85,148.5,143.46,147.59,917760000,-0.005
2007-09-02,147.45,149.98,145.26,146.07,649650000,-0.0103
2007-09-09,146.52,149.45,144.33,148.9,780040000,0.0194
2007-09-16,148.31,154.39,147.63,151.97,884060000,0.0206
2007-09-23,152.42,153.19,150.47,152.58,653420000,0.004
2007-09-30,152.6,156.1,152.5,155.85,591650000,0.0214
2007-10-07,155.39,157.52,154.54,156.33,625120000,0.0031
2007-10-14,156.27,156.48,149.66,149.67,989990000,-0.0426
2007-10-21,148.86,153.62,148,153.62,1.18e+09,0.0264
2007-10-28,153.93,155.27,149.21,151.2,1.13e+09,-0.0158
2007-11-04,149.64,152.11,144.89,145.14,1.36e+09,-0.0401
2007-11-11,145.21,149.4,143.7,145.79,1.24e+09,0.0045
2007-11-18,145.28,145.53,141.67,144.13,1.02e+09,-0.0114
2007-11-25,144.43,149.87,140.66,148.66,1.19e+09,0.0314
2007-12-02,148.19,151.5,146.31,150.91,757620000,0.0151
2007-12-09,151.28,152.89,147.1,147.17,1.09e+09,-0.0248
2007-12-16,146.61,148.42,143.96,148.13,982660000,0.0065
2007-12-23,148.82,149.68,146.9,147.3,352100000,-0.0056
2007-12-30,147.1,147.61,140.91,141.31,670530000,-0.0407
2008-01-06,141.81,142.9,137.7,140.15,1.47e+09,-0.0082
2008-01-13,141.16,141.86,131.1,132.06,1.54e+09,-0.0577
2008-01-20,127.21,136.76,126,133.04,1.48e+09,0.0074
2008-01-27,133.26,139.61,132.06,139.58,1.27e+09,0.0492
2008-02-03,139.21,139.3,131.73,133.07,1.18e+09,-0.0466
2008-02-10,133.1,137.1,132.04,135.14,996520000,0.0156
2008-02-17,136.69,137.6,132.86,135.62,772440000,0.0036
2008-02-24,135.54,139.14,132.78,133.82,994470000,-0.0133
2008-03-02,133.14,134.77,128.58,129.71,1.32e+09,-0.0307
2008-03-09,129.81,133.77,127.59,129.61,1.64e+09,-8e-04
2008-03-16,126.57,134.65,126.07,132.08,1.33e+09,0.0191
2008-03-23,133.31,135.81,131.06,131.51,1.01e+09,-0.0043
2008-03-30,131.29,137.96,131.09,136.89,1.01e+09,0.0409
2008-04-06,137.87,138.57,133.01,133.38,914870000,-0.0256
2008-04-13,133.19,139.56,132.33,138.48,920420000,0.0382
2008-04-20,138.23,139.89,136.64,139.6,894230000,0.0081
2008-04-27,139.88,142.37,138.26,141.51,808390000,0.0137
2008-05-04,141.05,142.2,138.45,138.9,828030000,-0.0184
2008-05-11,139.25,142.87,138.73,142.66,863130000,0.0271
2008-05-18,142.81,144.3,137.52,137.64,949240000,-0.0352
2008-05-25,137.8,140.93,137.53,140.35,640900000,0.0197
2008-06-01,139.83,140.89,136.22,136.29,1.32e+09,-0.0289
2008-06-08,136.86,137.5,133.52,136.15,1.27e+09,-0.001
2008-06-15,135.55,137.12,131.22,131.58,1.24e+09,-0.0336
2008-06-22,132.09,133.4,127.03,127.53,1.32e+09,-0.0308
2008-06-29,127.89,129.16,124.99,126.31,1.18e+09,-0.0096
2008-07-06,126.79,127.74,122.49,123.84,2e+09,-0.0196
2008-07-13,125.26,126.42,120.02,125.98,1.84e+09,0.0173
2008-07-20,126.51,129.15,124.85,125.48,1.3e+09,-0.004
2008-07-27,125.51,128.6,123.42,126.16,1.35e+09,0.0054
2008-08-03,126.04,129.93,124.76,129.37,1.16e+09,0.0254
2008-08-10,129.47,131.51,127.67,130.17,1.14e+09,0.0062
2008-08-17,130.43,130.48,126.34,129.65,940770000,-0.004
2008-08-24,128.8,130.34,126.58,128.79,858830000,-0.0066
2008-08-31,130.03,130.71,122,124.42,1.13e+09,-0.0339
2008-09-07,128.04,128.24,121.6,126.09,1.71e+09,0.0134
2008-09-14,121.63,128,113.8,124.12,2.97e+09,-0.0156
2008-09-21,124.45,124.75,117.79,120.85,1.5e+09,-0.0263
2008-09-28,119.18,121.18,109.68,110.34,1.95e+09,-0.087
2008-10-05,107.15,107.62,83.58,88.5,3.28e+09,-0.1979
2008-10-12,93.87,105.53,86.54,93.21,2.67e+09,0.0532
2008-10-19,95.35,99.1,84,87.04,2.37e+09,-0.0662
2008-10-26,85.97,98.57,83.7,96.83,2.4e+09,0.1125
2008-11-02,96.78,100.86,90.06,93.86,1.8e+09,-0.0307
2008-11-09,95.21,95.53,82.09,86.62,2.47e+09,-0.0771
2008-11-16,86.38,88.56,74.34,79.52,3.03e+09,-0.082
2008-11-23,81.92,90.13,80.36,90.09,1.47e+09,0.1329
2008-11-30,87.51,88.42,81.86,87.93,2.28e+09,-0.024
2008-12-07,90.34,92.38,85.2,88.99,1.96e+09,0.0121
2008-12-14,89.02,92.43,86.29,88.19,1.6e+09,-0.009
2008-12-21,88.58,88.67,85.49,87.16,602880000,-0.0117
2008-12-28,87.24,93.44,85.6,92.96,718760000,0.0665
2009-01-04,92.63,94.55,85.36,89.09,1.45e+09,-0.0416
2009-01-11,88.84,88.91,81.72,85.06,2e+09,-0.0452
2009-01-18,84.23,85.06,80.05,83.11,1.6e+09,-0.0229
2009-01-25,83.59,87.95,82.21,82.83,1.6e+09,-0.0034
2009-02-01,81.57,87.34,77.73,86.98,1.67e+09,0.0501
2009-02-08,86.96,87.74,81.05,82.76,1.86e+09,-0.0485
2009-02-15,80.16,82.96,75.77,77.42,1.64e+09,-0.0645
2009-02-22,78.27,79.67,73.81,73.93,2.1e+09,-0.0451
2009-03-01,72.52,73.92,67.1,68.92,2.31e+09,-0.0678
2009-03-08,67.95,76.98,67.73,76.09,1.89e+09,0.104
2009-03-15,76.96,81,75.45,76.71,1.99e+09,0.0081
2009-03-22,78.74,83.3,78.31,81.61,1.93e+09,0.0639
2009-03-29,79.8,84.61,77.96,84.26,1.83e+09,0.0325
2009-04-05,83.34,85.82,81.51,85.81,1.02e+09,0.0184
2009-04-12,84.92,87.65,83.61,87.08,1.35e+09,0.0148
2009-04-19,85.54,87.31,82.75,86.66,1.55e+09,-0.0048
2009-04-26,85.68,89.02,84.76,87.89,1.39e+09,0.0142
2009-05-03,88.55,93.22,88.38,92.98,1.44e+09,0.0579
2009-05-10,91.7,92.11,88.15,88.71,1.33e+09,-0.0459
2009-05-17,89.55,92.8,88.26,89.02,1.16e+09,0.0035
2009-05-24,88.36,93.7,88.32,92.53,1.03e+09,0.0394
2009-05-31,93.67,95.67,87.53,94.55,1.24e+09,0.0218
2009-06-07,93.84,96.11,93.04,95.08,1.22e+09,0.0056
2009-06-14,93.96,94.02,90.83,92.04,1.1e+09,-0.032
2009-06-21,91.14,92.24,88.85,91.84,1.1e+09,-0.0022
2009-06-28,92.11,93.23,89.76,89.81,782720000,-0.0221
2009-07-05,88.94,89.93,87,87.96,956940000,-0.0206
2009-07-12,88.31,94.51,87.59,94.13,989580000,0.0701
2009-07-19,94.68,98.14,94.19,98.06,990760000,0.0418
2009-07-26,97.88,99.83,96.98,98.81,973280000,0.0076
2009-08-02,99.85,102.03,99.31,101.2,951110000,0.0242
2009-08-09,100.74,101.61,99.46,100.79,883390000,-0.0041
2009-08-16,98.85,103.13,98.11,102.97,1e+09,0.0216
2009-08-23,103.39,104.35,101.94,103.38,944460000,0.004
2009-08-30,102.37,103.24,99.57,102.06,955390000,-0.0128
2009-09-06,103,105.3,102.39,104.77,602810000,0.0266
2009-09-13,103.88,108.06,103.15,106.72,935770000,0.0186
2009-09-20,105.89,108.03,104.09,104.45,953660000,-0.0213
2009-09-27,104.85,107.02,101.99,102.49,1.01e+09,-0.0188
2009-10-04,102.9,107.26,102.6,107.26,829880000,0.0465
2009-10-11,107.76,109.71,106.76,108.89,833090000,0.0152
2009-10-18,109.07,110.31,107.5,108.08,1.04e+09,-0.0074
2009-10-25,108.2,109.31,103.44,103.56,1.27e+09,-0.0418
2009-11-01,104.13,107.4,103.08,107.13,1.08e+09,0.0345
2009-11-08,107.95,110.82,107.87,109.62,808970000,0.0232
2009-11-15,110.38,111.69,109.01,109.43,857470000,-0.0017
2009-11-22,110.72,111.74,108.29,109.57,5.22e+08,0.0013
2009-11-29,109.48,112.38,108.12,111.01,895040000,0.0131
2009-12-06,110.91,111.53,109.02,111.11,715770000,9e-04
2009-12-13,111.87,112.13,105.48,110.21,740890000,-0.0081
2009-12-20,110.76,112.6,110.76,112.48,361270000,0.0206
2009-12-27,112.9,113.03,111.39,111.44,331860000,-0.0092
2010-01-03,112.37,114.62,111.51,114.57,604090000,0.0281
2010-01-10,115.08,115.14,113.2,113.64,759600000,-0.0081
2010-01-17,113.62,115.13,109.09,109.21,1.05e+09,-0.039
2010-01-24,110.21,110.47,107.22,107.39,1.3e+09,-0.0167
2010-01-31,108.15,110.59,104.58,106.66,1.43e+09,-0.0068
2010-02-07,106.74,108.25,105.81,108.04,1.33e+09,0.0129
2010-02-14,108.86,111.57,107.82,111.14,744560000,0.0287
2010-02-21,111.55,111.58,108.94,110.74,949420000,-0.0036
2010-02-28,111.2,114.34,111.17,114.25,771380000,0.0317
2010-03-07,114.26,115.97,113.87,115.46,778230000,0.0106
2010-03-14,115.26,117.48,114.6,115.97,916110000,0.0044
2010-03-21,115.31,118.17,115.24,116.58,992810000,0.0053
2010-03-28,117.17,118.25,116.61,117.8,602580000,0.0105
2010-04-04,118.25,119.6,117.6,119.55,692520000,0.0149
2010-04-11,119.7,121.56,118.75,119.36,908510000,-0.0016
2010-04-18,119.01,121.86,118.47,121.81,985090000,0.0205
2010-04-25,121.85,122.12,118.25,118.81,1.26e+09,-0.0246
2010-05-02,119.38,120.68,105,111.26,2.16e+09,-0.0635
2010-05-09,115.81,117.68,112.87,113.89,1.53e+09,0.0236
2010-05-16,114.2,115.22,105.36,109.11,2.11e+09,-0.042
2010-05-23,108.52,110.8,104.38,109.37,1.61e+09,0.0024
2010-05-30,108.35,111.06,106.47,106.82,1.14e+09,-0.0233
2010-06-06,107.2,109.75,104.65,109.68,1.42e+09,0.0268
2010-06-13,110.52,112.42,109.4,111.73,1.1e+09,0.0187
2010-06-20,113.12,113.2,106.77,107.87,1.21e+09,-0.0345
2010-06-27,108.03,108.32,101.13,102.2,1.44e+09,-0.0526
2010-07-04,103.64,107.97,101.88,107.96,866550000,0.0564
2010-07-11,107.6,110.09,106.45,106.66,1.04e+09,-0.012
2010-07-18,107.05,110.57,105.82,110.41,1.21e+09,0.0352
2010-07-25,110.6,112.29,108.98,110.27,990260000,-0.0013
2010-08-01,111.99,113.11,110.92,112.39,873290000,0.0192
2010-08-08,112.92,113.18,107.6,108.31,1.04e+09,-0.0363
2010-08-15,107.57,110.39,106.75,107.53,978650000,-0.0072
2010-08-22,108.04,108.57,104.29,106.86,1.21e+09,-0.0062
2010-08-29,106.58,110.99,104.49,110.89,1.08e+09,0.0377
2010-09-05,110.37,111.68,109.55,111.48,567080000,0.0053
2010-09-12,112.58,113.29,111.98,112.49,952740000,0.0091
2010-09-19,112.88,114.9,112.18,114.82,1.09e+09,0.0207
2010-09-26,114.86,115.79,113.18,114.61,979420000,-0.0018
2010-10-03,114.37,116.86,113.18,116.54,887030000,0.0168
2010-10-10,116.72,118.55,115.65,117.7,941120000,0.01
2010-10-17,117.74,119.09,116.02,118.35,951920000,0.0055
2010-10-24,119.14,119.76,117.26,118.49,813030000,0.0012
2010-10-31,119.07,122.92,117.85,122.72,954820000,0.0357
2010-11-07,122.34,122.95,119.65,120.2,9.61e+08,-0.0205
2010-11-14,120.58,121.05,117.59,120.29,991160000,7e-04
2010-11-21,119.69,120.24,117.99,119.29,620070000,-0.0083
2010-11-28,118.5,123.03,117.74,122.89,1.02e+09,0.0302
2010-12-05,122.63,124.6,122.41,124.48,688930000,0.0129
2010-12-12,125.05,125.23,123.75,124.3,7.68e+08,-0.0014
2010-12-19,124.64,125.82,123.98,125.6,363010000,0.0105
2010-12-26,125.13,126.2,125.04,125.75,339360000,0.0012
2011-01-02,126.71,127.83,125.7,127.14,688660000,0.0111
2011-01-09,126.58,129.33,126.2,129.3,587520000,0.017
2011-01-16,129.18,129.64,127.13,128.37,593570000,-0.0072
2011-01-23,128.28,130.35,127.51,127.72,841490000,-0.0051
2011-01-30,128.07,131.2,127.75,131.15,715290000,0.0269
2011-02-06,131.44,133.28,131.3,133.11,658370000,0.0149
2011-02-13,133.03,134.69,132.32,134.53,591260000,0.0107
2011-02-20,133.12,134.56,129.7,132.33,862890000,-0.0164
2011-02-27,132.82,133.69,130.35,132.47,1.05e+09,0.0011
2011-03-06,132.86,133.16,129.49,130.84,1.07e+09,-0.0123
2011-03-13,129.99,130.48,125.28,127.76,1.55e+09,-0.0235
2011-03-20,129.35,131.87,128.32,131.3,747470000,0.0277
2011-03-27,131.58,133.77,130.44,133.15,662370000,0.0141
2011-04-03,133.43,134,132.31,132.86,661300000,-0.0022
2011-04-10,133,133.45,130.27,132.04,776590000,-0.0062
2011-04-17,130.59,133.84,129.51,133.78,627920000,0.0132
2011-04-24,133.68,136.57,133.2,136.43,595480000,0.0198
2011-05-01,137.07,137.18,133.02,134.2,897590000,-0.0163
2011-05-08,134.19,136.11,133.39,134.04,751910000,-0.0012
2011-05-15,133.56,135.03,132.12,133.61,772070000,-0.0032
2011-05-22,131.98,133.87,131.38,133.51,753010000,-7e-04
2011-05-29,134.77,134.92,130.08,130.42,832980000,-0.0231
2011-06-05,130.09,130.36,127.26,127.6,940050000,-0.0216
2011-06-12,127.89,129.77,126.32,127.05,1.21e+09,-0.0043
2011-06-19,126.62,129.81,126.19,126.81,1.09e+09,-0.0019
2011-06-26,126.89,134.1,126.64,133.92,1e+09,0.0561
2011-07-03,133.78,135.7,133.11,134.4,673900000,0.0036
2011-07-10,132.75,133.22,130.68,131.69,1.06e+09,-0.0202
2011-07-17,131.08,134.82,129.63,134.58,871860000,0.0219
2011-07-24,133.3,134.49,127.97,129.33,1.03e+09,-0.039
2011-07-31,130.84,130.96,116.86,120.08,2.22e+09,-0.0715
2011-08-07,116.91,120.12,110.27,118.12,2.88e+09,-0.0163
2011-08-14,119.19,121.2,112.5,112.64,1.73e+09,-0.0464
2011-08-21,115.17,119.4,112.41,117.97,1.48e+09,0.0473
2011-08-28,119.56,123.51,117.43,117.85,1.24e+09,-0.001
2011-09-04,114.39,120.94,114.38,115.92,1.13e+09,-0.0164
2011-09-11,114.47,121.97,114.05,121.52,1.51e+09,0.0483
2011-09-18,119.53,121.99,111.3,113.54,1.6e+09,-0.0657
2011-09-25,114.61,119.56,112.98,113.15,1.45e+09,-0.0034
2011-10-02,112.49,117.25,107.43,115.71,1.68e+09,0.0226
2011-10-09,117.68,122.6,117.67,122.57,1.15e+09,0.0593
2011-10-16,121.99,124.12,119.2,123.97,1.29e+09,0.0114
2011-10-23,124.17,129.42,122.21,128.6,1.33e+09,0.0373
2011-10-30,127.16,128.62,121.52,125.48,1.43e+09,-0.0243
2011-11-06,125.39,128.02,122.86,126.66,1.18e+09,0.0094
2011-11-13,126.19,127.45,121.23,121.98,1.13e+09,-0.0369
2011-11-20,120.2,120.35,116.2,116.34,770200000,-0.0462
2011-11-27,119.54,126.5,118.82,124.86,1.13e+09,0.0732
2011-12-04,126.84,127.26,123.65,126.05,1.09e+09,0.0095
2011-12-11,124.95,125.57,121.3,121.59,1.12e+09,-0.0354
2011-12-18,122.06,126.43,120.03,126.39,815200000,0.0395
2011-12-25,126.17,126.82,124.73,125.5,424290000,-0.007
2012-01-01,127.76,128.38,126.43,127.71,642830000,0.0176
2012-01-08,128,129.7,127.41,128.84,625170000,0.0088
2012-01-15,130.08,131.95,128.9,131.95,560160000,0.0241
2012-01-22,131.51,133.4,130.6,131.82,751130000,-0.001
2012-01-29,130.51,134.62,130.06,134.54,744450000,0.0206
2012-02-05,133.98,135.59,133.64,134.36,699090000,-0.0013
2012-02-12,135.32,136.63,134.25,136.41,793470000,0.0153
2012-02-19,136.73,137.2,135.5,136.93,501740000,0.0038
2012-02-26,136.02,138.19,135.8,137.31,726680000,0.0028
2012-03-04,137.1,137.93,134.36,137.57,726390000,0.0019
2012-03-11,137.55,140.78,137.09,140.3,751270000,0.0198
2012-03-18,140.21,141.28,138.55,139.65,625150000,-0.0046
2012-03-25,140.65,141.83,139.09,140.81,689040000,0.0083
2012-04-01,140.64,142.21,139.26,139.79,591880000,-0.0072
2012-04-08,138.03,139.84,135.76,137.14,840620000,-0.019
2012-04-15,137.84,139.36,136.58,137.95,761450000,0.0059
2012-04-22,136.54,140.79,135.94,140.39,720520000,0.0177
2012-04-29,140.11,141.66,136.92,137,712700000,-0.0241
2012-05-06,136.51,137.56,134.49,135.61,865560000,-0.0101
2012-05-13,134.31,135.61,129.55,129.74,1.15e+09,-0.0433
2012-05-20,130.16,133.23,129.95,132.1,883170000,0.0182
2012-05-27,133.16,133.93,128.16,128.16,764680000,-0.0298
2012-06-03,128.39,133.53,127.14,133.1,879590000,0.0385
2012-06-10,134.17,134.26,131.16,134.14,923970000,0.0078
2012-06-17,133.58,136.25,132.33,133.46,810520000,-0.0051
2012-06-24,132.05,136.27,130.85,136.1,777590000,0.0198
2012-07-01,136.48,137.8,134.85,135.49,487340000,-0.0045
2012-07-08,135.38,136.23,132.6,135.75,686630000,0.0019
2012-07-15,135.44,138.18,134.55,136.47,622490000,0.0053
2012-07-22,134.47,139.07,133.03,138.68,840930000,0.0162
2012-07-29,138.52,139.64,135.58,139.35,723030000,0.0048
2012-08-05,139.72,140.92,139.56,140.84,475710000,0.0107
2012-08-12,140.6,142.3,140.04,142.18,455720000,0.0095
2012-08-19,141.98,143.09,140.22,141.51,528030000,-0.0047
2012-08-26,141.89,142.08,140.19,141.16,458460000,-0.0025
2012-09-02,141.04,144.39,140.13,144.33,486430000,0.0225
2012-09-09,144.19,148.11,143.46,147.24,658110000,0.0202
2012-09-16,146.94,147.19,145.63,145.87,608820000,-0.0093
2012-09-23,145.15,146.24,142.95,143.97,637880000,-0.013
2012-09-30,144.52,147.16,143.83,146.14,619770000,0.0151
2012-10-07,145.6,146.12,142.58,142.89,599320000,-0.0222
2012-10-14,143.23,146.52,142.77,143.39,679090000,0.0035
2012-10-21,143.15,143.67,140.39,141.35,718290000,-0.0142
2012-10-28,141.85,143.72,140.68,141.56,342140000,0.0015
2012-11-04,141.35,143.52,137.55,138.16,852320000,-0.024
2012-11-11,138.59,139.25,134.7,136.37,829810000,-0.013
2012-11-18,137.9,141.4,136.41,141.35,418420000,0.0365
2012-11-25,140.65,142.51,139,142.16,693510000,0.0057
2012-12-02,142.8,142.92,140.37,142.41,611530000,0.0018
2012-12-09,142.21,144.55,141.88,142.11,670710000,-0.0021
2012-12-16,142.47,145.58,141.94,142.79,886760000,0.0048
2012-12-23,142.48,142.71,139.87,140.03,477550000,-0.0193
2012-12-30,139.66,146.61,139.54,146.37,697590000,0.0453
2013-01-06,145.85,147.15,144.98,147.07,566670000,0.0048
2013-01-13,146.89,148.49,146.2,148.33,591330000,0.0086
2013-01-20,148.33,150.25,147.98,150.25,510040000,0.0129
2013-01-27,150.29,151.42,149.51,151.24,596650000,0.0066
2013-02-03,150.32,151.89,149.43,151.8,677370000,0.0037
2013-02-10,151.74,152.61,151.39,152.11,517550000,0.002
2013-02-17,152.37,153.28,149.94,151.89,545290000,-0.0014
2013-02-24,152.63,152.87,148.73,152.11,880700000,0.0014
2013-03-03,151.76,155.65,151.52,155.44,524730000,0.0219
2013-03-10,155.32,156.8,155.13,155.83,546980000,0.0025
2013-03-17,154.34,155.95,153.59,155.6,647800000,-0.0015
2013-03-24,156.01,156.85,154.35,156.67,441060000,0.0069
2013-03-31,156.59,157.21,153.77,155.16,646420000,-0.0096
2013-04-07,155.27,159.71,154.75,158.8,550710000,0.0235
2013-04-14,158,158.13,153.55,155.48,908870000,-0.0209
2013-04-21,155.78,159.27,154.75,158.24,596460000,0.0178
2013-04-28,158.67,161.88,158.1,161.37,584070000,0.0198
2013-05-05,161.49,163.7,161.42,163.41,464600000,0.0126
2013-05-12,163.2,167.04,162.82,166.94,561280000,0.0216
2013-05-19,166.78,169.07,163.94,165.31,787550000,-0.0098
2013-05-26,167.04,167.78,163.13,163.44,588690000,-0.0113
2013-06-02,163.83,165.1,160.25,164.8,926320000,0.0083
2013-06-09,165.31,165.4,161.3,163.18,747320000,-0.0098
2013-06-16,164.29,165.99,157.47,159.07,1.05e+09,-0.0252
2013-06-23,157.41,161.82,155.73,160.42,809330000,0.0085
2013-06-30,161.26,163.08,160.22,163.02,484450000,0.0162
2013-07-07,163.86,167.93,163.08,167.51,588610000,0.0275
2013-07-14,167.97,169.27,167.07,169.17,458480000,0.0099
2013-07-21,169.41,169.86,167.52,169.11,492140000,-4e-04
2013-07-28,168.68,170.97,168.11,170.95,509010000,0.0109
2013-08-04,170.57,170.96,168.55,169.31,420460000,-0.0096
2013-08-11,168.46,169.9,165.5,165.83,513030000,-0.0206
2013-08-18,165.64,166.83,164.19,166.62,537630000,0.0048
2013-08-25,166.79,167.3,163.05,163.65,610570000,-0.0178
2013-09-01,165.23,166.98,163.7,166.04,462610000,0.0146
2013-09-08,166.45,169.56,166.45,169.33,443890000,0.0198
2013-09-15,171.16,173.6,170.04,170.72,691660000,0.0082
2013-09-22,170.49,170.65,168.47,168.91,504540000,-0.0106
2013-09-29,167.48,169.5,166.84,168.89,658020000,-1e-04
2013-10-06,167.42,170.32,164.53,170.26,744280000,0.0081
2013-10-13,169.21,174.51,169.08,174.39,696970000,0.0243
2013-10-20,174.45,176,173.96,175.95,500230000,0.0089
2013-10-27,175.89,177.51,175.22,176.21,588980000,0.0015
2013-11-03,176.69,177.64,174.76,177.29,552560000,0.0061
2013-11-10,177.12,180.12,176.09,180.05,456700000,0.0156
2013-11-17,180.35,180.83,177.98,180.81,497730000,0.0042
2013-11-24,181.13,181.75,180.37,181,281150000,0.0011
2013-12-01,181.09,181.43,178.35,180.94,573980000,-3e-04
2013-12-08,181.47,181.67,177.76,178.11,505060000,-0.0156
2013-12-15,178.95,181.99,177.32,181.56,754370000,0.0194
2013-12-22,182.45,184.18,182.06,183.84,256150000,0.0126
2013-12-29,183.87,184.69,182.48,182.88,344130000,-0.0052
2014-01-05,183.49,184.22,182.08,184.14,483460000,0.0069
2014-01-12,183.67,184.94,181.34,183.63,533570000,-0.0028
2014-01-19,184.7,184.77,178.83,178.89,491070000,-0.0258
2014-01-26,179.06,179.81,176.88,178.18,821520000,-0.004
2014-02-02,177.97,179.87,173.71,179.68,887740000,0.0084
2014-02-09,179.7,184.36,179.21,184.02,501790000,0.0242
2014-02-16,184.18,184.95,182.6,183.89,430100000,-7e-04
2014-02-23,184.28,187.15,184.2,186.29,574550000,0.0131
2014-03-02,184.65,188.96,183.75,188.26,620700000,0.0106
2014-03-09,187.97,188.71,184.44,184.66,587710000,-0.0191
2014-03-16,185.59,189.02,185.47,186.2,656800000,0.0083
2014-03-23,186.84,187.34,183.9,185.49,589130000,-0.0038
2014-03-30,186.67,189.7,185.52,186.4,514530000,0.0049
2014-04-06,185.95,187.17,181.31,181.51,693930000,-0.0262
2014-04-13,182.93,186.91,181.44,186.39,499930000,0.0269
2014-04-20,186.44,188.4,185.87,186.29,416540000,-5e-04
2014-04-27,187.05,189.14,184.96,188.06,511870000,0.0095
2014-05-04,187.14,189.05,186.01,187.96,445130000,-5e-04
2014-05-11,188.8,190.42,186.48,188.05,478170000,5e-04
2014-05-18,187.69,190.48,187.07,190.35,386280000,0.0122
2014-05-25,191.06,192.8,190.95,192.68,279430000,0.0122
2014-06-01,192.95,195.43,191.97,195.38,356030000,0.014
2014-06-08,195.35,196.05,193.11,194.13,379390000,-0.0064
2014-06-15,193.89,196.6,193.66,195.94,464040000,0.0093
2014-06-22,195.99,196.5,194.13,195.82,405400000,-6e-04
2014-06-29,195.7,198.29,195.53,198.2,266390000,0.0122
2014-07-06,197.82,197.98,195.06,196.61,406120000,-0.008
2014-07-13,197.61,198.26,195.43,197.71,519810000,0.0056
2014-07-20,197.09,199.06,196.43,197.72,334610000,1e-04
2014-07-27,197.76,198.45,191.57,192.5,626690000,-0.0264
2014-08-03,192.87,194.3,190.55,193.24,591600000,0.0038
2014-08-10,193.97,196.65,192.94,195.72,414540000,0.0128
2014-08-17,196.8,199.76,196.69,199.19,351220000,0.0177
2014-08-24,200.14,200.82,199.15,200.71,283260000,0.0076
2014-08-31,200.97,201.58,199.41,201.11,317300000,0.002
2014-09-07,200.92,201.21,198.56,199.13,404290000,-0.0098
2014-09-14,199.16,201.9,198.38,200.7,560510000,0.0079
2014-09-21,200.35,200.38,196.27,197.9,598070000,-0.014
2014-09-28,196.2,198.3,192.35,196.52,683070000,-0.007
2014-10-05,197.34,197.6,190.49,190.54,871770000,-0.0304
2014-10-12,190.46,191.15,181.92,188.47,1.31e+09,-0.0109
2014-10-19,188.13,196.49,188.07,196.43,709650000,0.0422
2014-10-26,195.73,201.82,195.03,201.66,592480000,0.0266
2014-11-02,201.92,203.6,200.06,203.34,475410000,0.0083
2014-11-09,203.38,204.83,203.13,204.24,376710000,0.0044
2014-11-16,203.85,207.84,203.65,206.68,454050000,0.0119
2014-11-23,207.17,207.87,206.8,207.2,265050000,0.0025
2014-11-30,206.4,208.47,205.38,208,429770000,0.0039
2014-12-07,207.52,208.12,200.85,200.89,754970000,-0.0342
2014-12-14,201.98,212.97,197.86,206.52,1.21e+09,0.028
2014-12-21,206.75,208.85,206.46,208.44,370780000,0.0093
2014-12-28,208.22,208.97,204.18,205.43,404980000,-0.0144
2015-01-04,204.17,206.42,198.85,204.25,809920000,-0.0057
2015-01-11,204.41,205.48,198.55,201.63,940430000,-0.0128
2015-01-18,202.4,206.26,200.17,204.97,545810000,0.0166
2015-01-25,204.71,205.56,198.68,199.45,765880000,-0.0269
2015-02-01,200.05,207.24,197.86,205.55,645250000,0.0306
2015-02-08,204.77,209.84,204.13,209.78,465690000,0.0206
2015-02-15,209.4,211.33,208.73,211.24,389980000,0.007
2015-02-22,210.94,212.24,210.48,210.66,400720000,-0.0027
2015-03-01,210.78,212.06,207.1,207.5,577320000,-0.015
2015-03-08,207.74,208.79,204.4,205.83,613490000,-0.008
2015-03-15,206.71,211.27,205.86,210.41,755050000,0.0223
2015-03-22,210.42,211.11,204.12,205.74,581120000,-0.0222
2015-03-29,206.98,208.61,204.51,206.44,447150000,0.0034
2015-04-05,205.37,210.09,205.21,210.04,443230000,0.0174
2015-04-12,209.87,211.04,207.01,207.95,509110000,-0.01
2015-04-19,209.06,211.97,208.9,211.65,406930000,0.0178
2015-04-26,212.33,212.48,207.62,210.72,556610000,-0.0044
2015-05-03,211.23,212.02,206.76,211.62,563440000,0.0043
2015-05-10,211.57,212.61,208.62,212.44,462550000,0.0039
2015-05-17,212.24,213.78,212.16,212.99,345720000,0.0026
2015-05-24,212.4,212.98,210.2,211.14,417420000,-0.0087
2015-05-31,211.94,212.67,208.98,209.77,546280000,-0.0065
2015-06-07,209.64,212.09,207.69,210.01,537910000,0.0011
2015-06-14,208.64,213.34,207.79,210.81,632750000,0.0038
2015-06-21,211.91,212.59,209.16,209.82,432760000,-0.0047
2015-06-28,208.04,209.83,205.28,207.31,625900000,-0.012
2015-07-05,205.77,208.17,204.11,207.48,729390000,8e-04
2015-07-12,208.99,212.55,208.94,212.48,481410000,0.0241
2015-07-19,212.75,213.18,207.6,208,445340000,-0.0211
2015-07-26,206.94,211.45,206.26,210.5,556270000,0.012
2015-08-02,210.46,211.31,206.87,207.95,515460000,-0.0121
2015-08-09,209.28,210.67,205.36,209.42,540650000,0.0071
2015-08-16,208.71,210.68,197.52,197.83,864630000,-0.0553
2015-08-23,187.49,199.84,182.4,199.28,1.65e+09,0.0073
2015-08-30,198.11,199.12,190.73,192.59,938740000,-0.0336
2015-09-06,195.94,199.47,194.25,196.74,543680000,0.0215
2015-09-13,196.95,202.89,194.96,195.45,792540000,-0.0066
2015-09-20,196.44,197.68,190.56,192.85,666840000,-0.0133
2015-09-27,191.78,195.03,186.93,195,843100000,0.0111
2015-10-04,196.46,201.9,196.33,201.33,621030000,0.0325
2015-10-11,201.42,203.29,198.94,203.27,492260000,0.0096
2015-10-18,202.5,207.95,201.65,207.51,576360000,0.0209
2015-10-25,207.3,209.44,205.79,207.93,504450000,0.002
2015-11-01,208.32,211.66,208.17,210.04,466620000,0.0101
2015-11-08,209.31,209.49,202.44,202.54,549620000,-0.0357
2015-11-15,202.32,210.12,202.18,209.31,542340000,0.0334
2015-11-22,209.38,209.98,207.41,209.56,253100000,0.0012
2015-11-29,209.75,211,204.75,209.62,678260000,3e-04
2015-12-06,209.23,209.73,201.51,201.88,695100000,-0.0369
2015-12-13,202.07,208.48,199.83,200.02,957960000,-0.0092
2015-12-20,201.41,206.33,200.09,205.68,369650000,0.0283
2015-12-27,204.86,207.79,203.87,203.87,336740000,-0.0088
2016-01-03,200.49,201.9,191.58,191.92,908570000,-0.0586
2016-01-10,193.01,194.86,185.52,187.81,1.15e+09,-0.0214
2016-01-17,189.96,190.76,181.02,190.52,845880000,0.0144
2016-01-24,189.92,193.88,187.06,193.72,811420000,0.0168
2016-01-31,192.53,194.58,187.1,187.95,8.44e+08,-0.0298
2016-02-07,185.77,188.34,181.09,186.63,870950000,-0.007
2016-02-14,188.77,193.32,187.63,192,473400000,0.0288
2016-02-21,193.87,196.68,189.32,195.09,606470000,0.0161
2016-02-28,195.11,201.35,193.33,200.43,594600000,0.0274
2016-03-06,199.34,202.81,197.38,202.76,613800000,0.0116
2016-03-13,202.16,205.23,201.05,204.38,568740000,0.008
2016-03-20,204.07,205.23,201.74,203.12,335810000,-0.0062
2016-03-27,203.61,207.14,202.4,206.92,450700000,0.0187
2016-04-03,206.83,207.07,203.09,204.5,463900000,-0.0117
2016-04-10,205.25,208.6,203.7,207.78,436420000,0.016
2016-04-17,207.14,210.92,207,208.97,436890000,0.0057
2016-04-24,208.26,209.81,205.03,206.33,4.59e+08,-0.0126
2016-05-01,206.92,208.18,203.88,205.72,417790000,-0.003
2016-05-08,205.57,208.54,204.38,204.76,419640000,-0.0047
2016-05-15,204.96,207.34,202.78,205.49,536330000,0.0036
2016-05-22,205.51,210.25,204.99,210.24,350930000,0.0231
2016-05-29,210.56,210.93,208.86,210.28,344620000,2e-04
2016-06-05,210.7,212.52,209.43,210.07,379650000,-0.001
2016-06-12,209.36,210.37,205.59,206.52,618520000,-0.0169
2016-06-19,208.82,210.87,202.72,203.13,686990000,-0.0164
2016-06-26,201.59,210.49,198.65,209.92,816780000,0.0334
2016-07-03,208.95,212.94,207.06,212.65,425390000,0.013
2016-07-10,213.19,217.01,212.95,215.83,460620000,0.015
2016-07-17,215.97,217.37,215.63,217.24,301800000,0.0065
2016-07-24,217,217.54,215.62,217.12,354590000,-6e-04
2016-07-31,217.19,218.23,214.25,218.18,338080000,0.0049
2016-08-07,218.4,218.94,217.23,218.46,282920000,0.0013
2016-08-14,218.89,219.5,217.02,218.54,306590000,4e-04
2016-08-21,218.26,219.6,216.25,217.29,378230000,-0.0057
2016-08-28,217.44,218.87,216.03,218.37,391020000,0.005
2016-09-04,218.7,219.22,213.25,213.28,428950000,-0.0233
2016-09-11,212.39,216.81,212.31,213.37,786100000,4e-04
2016-09-18,214.13,217.53,213.03,215.99,410510000,0.0123
2016-09-25,215.02,217.12,213.62,216.3,501010000,0.0014
2016-10-02,215.82,216.3,213.99,215.04,428990000,-0.0058
2016-10-09,216.16,216.7,211.21,213.12,450790000,-0.0089
2016-10-16,213.09,214.64,212.17,213.98,364390000,0.004
2016-10-23,215,215.32,211.71,212.54,420240000,-0.0067
2016-10-30,212.93,213.19,208.38,208.55,485450000,-0.0188
2016-11-06,211.45,218.31,211.3,216.42,747660000,0.0377
2016-11-13,217.03,219.27,215.72,218.5,407910000,0.0096
2016-11-20,219.17,221.56,219,221.52,234320000,0.0138
2016-11-27,221.16,221.82,219.15,219.68,413630000,-0.0083
2016-12-04,220.65,226.53,220.42,226.51,426170000,0.0311
2016-12-11,226.4,228.34,224.67,225.04,636390000,-0.0065
2016-12-18,225.25,226.57,224.92,225.71,341010000,0.003
2016-12-25,226.02,226.73,222.73,223.53,264460000,-0.0097
2017-01-01,225.04,227.75,223.88,227.21,320050000,0.0165
2017-01-08,226.91,227.45,224.96,227.05,320190000,-7e-04
2017-01-15,226.31,227.31,225.41,226.74,311810000,-0.0014
2017-01-22,226.35,229.71,225.27,228.97,374740000,0.0098
2017-01-29,228.17,229.55,226.32,229.34,384960000,0.0016
2017-02-05,228.87,231.77,228.31,231.51,299260000,0.0095
2017-02-12,232.08,235.16,232.05,235.09,3.75e+08,0.0155
2017-02-19,235.52,236.9,235.41,236.74,308060000,0.007
2017-02-26,236.64,240.32,236.01,238.42,454860000,0.0071
2017-03-05,237.5,238.12,235.74,237.69,371340000,-0.0031
2017-03-12,237.62,239.44,236.19,237.03,380570000,-0.0028
2017-03-19,237.03,237.61,232.96,233.86,494830000,-0.0134
2017-03-26,231.93,236.52,231.61,235.74,373360000,0.008
2017-04-02,235.8,237.39,233.91,235.2,394360000,-0.0023
2017-04-09,235.36,236.25,232.51,232.51,330410000,-0.0114
2017-04-16,233.11,235.84,232.88,234.59,423290000,0.0089
2017-04-23,237.18,239.53,234.56,238.08,401550000,0.0149
2017-04-30,238.68,239.72,237.7,239.7,320860000,0.0068
2017-05-07,239.75,240.19,238.13,238.98,270310000,-0.003
2017-05-14,239.47,240.67,235.43,238.31,507390000,-0.0028
2017-05-21,238.9,242.08,238.82,241.71,269230000,0.0143
2017-05-28,241.34,244.35,240.64,244.17,284630000,0.0102
2017-06-04,243.97,245.01,241.95,243.41,347430000,-0.0031
2017-06-11,243.13,244.87,241.63,242.64,375800000,-0.0032
2017-06-18,243.59,244.73,242.41,243.13,289140000,0.002
2017-06-25,243.9,244.38,239.96,241.8,402760000,-0.0055
2017-07-02,242.88,243.38,240.34,242.11,217670000,0.0013
2017-07-09,241.95,245.97,240.85,245.56,246360000,0.0142
2017-07-16,245.47,247.42,244.67,246.88,263150000,0.0054
2017-07-23,246.79,248,245.68,246.91,269970000,1e-04
2017-07-30,247.37,247.79,246.37,247.41,269150000,0.002
2017-08-06,247.49,248.91,243.7,244.12,351700000,-0.0133
2017-08-13,245.59,247.57,242.2,242.71,450490000,-0.0058
2017-08-20,242.64,245.62,241.83,244.56,2.94e+08,0.0076
2017-08-27,245.17,248.33,242.93,247.84,319540000,0.0134
2017-09-03,247.26,247.52,244.95,246.58,271180000,-0.0051
2017-09-10,248.04,250.32,248.02,249.19,378370000,0.0106
2017-09-17,249.61,250.19,248.92,249.44,252340000,0.001
2017-09-24,249.15,251.32,248.08,251.23,322500000,0.0072
2017-10-01,251.49,254.7,251.29,254.37,325960000,0.0125
2017-10-08,254.63,255.27,253.65,254.95,228400000,0.0023
2017-10-15,255.21,257.14,254.35,257.11,261750000,0.0085
2017-10-22,257.48,257.89,254,257.71,389930000,0.0023
2017-10-29,257.07,258.5,256.19,258.45,284830000,0.0029
2017-11-05,258.3,259.35,256.36,258.09,312690000,-0.0014
2017-11-12,257.31,259.04,255.63,257.86,335890000,-9e-04
2017-11-19,258.14,260.48,257.86,260.36,190140000,0.0097
2017-11-26,260.41,266.05,260,264.46,521040000,0.0157
2017-12-03,266.31,266.8,262.71,265.51,401720000,0.004
2017-12-10,265.58,267.56,265.39,266.51,516460000,0.0038
2017-12-17,268.1,268.6,266.69,267.51,388540000,0.0038
2017-12-24,267.05,268.55,266.64,266.86,244120000,-0.0024
2017-12-31,267.84,273.56,267.4,273.42,340890000,0.0246
2018-01-07,273.31,278.11,272.92,277.92,337320000,0.0165
2018-01-14,279.35,280.41,276.18,280.41,461460000,0.009
2018-01-21,280.17,286.63,280.11,286.58,515550000,0.022
2018-01-28,285.93,286.43,275.41,275.45,604140000,-0.0388
2018-02-04,273.45,275.85,252.92,261.5,1.35e+09,-0.0506
2018-02-11,263.83,275.32,261.66,273.11,617320000,0.0444
2018-02-18,272.03,274.72,269.64,274.71,388530000,0.0059
2018-02-25,275.93,278.92,264.82,269.08,623440000,-0.0205
2018-03-04,267.73,278.87,267.61,278.87,444110000,0.0364
2018-03-11,279.2,280.41,274.14,274.2,453570000,-0.0167
2018-03-18,273.35,274.4,257.83,258.05,5.8e+08,-0.0589
2018-03-25,262.13,266.77,258.58,263.15,542590000,0.0198
2018-04-01,262.55,266.64,254.67,259.72,692130000,-0.013
2018-04-08,261.37,267.54,259.94,265.15,456130000,0.0209
2018-04-15,267,271.3,265.61,266.61,3.63e+08,0.0055
2018-04-22,267.26,267.98,260.85,266.56,407070000,-2e-04
2018-04-29,267.26,267.89,259.05,266.02,470290000,-0.002
2018-05-06,266.89,273.15,265.15,272.85,314410000,0.0257
2018-05-13,273.34,274.08,270.03,271.33,316670000,-0.0056
2018-05-20,273.01,274.25,270.78,272.15,308100000,0.003
2018-05-27,270.31,273.94,267.76,273.6,350370000,0.0053
2018-06-03,274.53,278.28,274.18,278.19,304360000,0.0168
2018-06-10,278.44,279.48,275.35,277.13,407430000,-0.0038
2018-06-17,275.49,276.72,273.53,274.74,331910000,-0.0086
2018-06-24,273.44,273.87,268.49,271.28,485890000,-0.0126
2018-07-01,269.51,275.84,269.24,275.42,229160000,0.0153
2018-07-08,276.55,279.93,276.5,279.59,287930000,0.0151
2018-07-15,279.64,281.18,278.41,279.68,288890000,3e-04
2018-07-22,279.45,284.37,279.06,281.42,328660000,0.0062
2018-07-29,281.51,283.66,279.16,283.6,303530000,0.0077
2018-08-05,283.64,286.01,282.36,283.16,237510000,-0.0016
2018-08-12,283.47,285.56,280.16,285.06,348090000,0.0067
2018-08-19,285.57,287.67,285.06,287.51,258770000,0.0086
2018-08-26,288.86,291.74,288.68,290.31,292870000,0.0097
2018-09-02,289.84,290.21,286.71,287.6,269480000,-0.0093
2018-09-09,288.74,291.27,286.98,290.88,266670000,0.0114
2018-09-16,290.82,293.94,289.03,291.99,385100000,0.0038
2018-09-23,291.34,292.24,289.41,290.72,306860000,-0.0043
2018-09-30,292.11,293.21,286.22,287.82,391530000,-0.01
2018-10-07,287.05,288.86,270.36,275.95,834840000,-0.0412
2018-10-14,275.55,281.15,274.3,276.25,605600000,0.0011
2018-10-21,277,277.36,262.29,265.33,746210000,-0.0395
2018-10-28,268.8,275.23,259.85,271.89,668290000,0.0247
2018-11-04,272.44,281.22,271.35,277.76,392860000,0.0216
2018-11-11,277.19,277.46,267.01,273.73,584960000,-0.0145
2018-11-18,273.05,273.38,263.07,263.25,357450000,-0.0383
2018-11-25,265.78,276.28,265.34,275.65,463660000,0.0471
2018-12-02,280.28,280.4,262.44,263.57,646210000,-0.0438
2018-12-09,263.37,269,258.62,260.47,584550000,-0.0118
2018-12-16,259.4,260.65,239.98,240.7,1.02e+09,-0.0759
2018-12-23,239.04,251.4,233.76,247.75,705160000,0.0293
2018-12-30,249.56,253.11,243.67,252.39,557990000,0.0187
2019-01-06,252.69,259.16,251.69,258.98,471340000,0.0261
2019-01-13,256.86,266.98,256.41,266.46,457770000,0.0289
2019-01-20,264.82,266.7,260.66,265.78,357650000,-0.0026
2019-01-27,263.39,271.2,261.79,270.06,434020000,0.0161
2019-02-03,270.11,273.44,267.83,270.47,369920000,0.0015
2019-02-10,271.2,277.41,270.03,277.37,385890000,0.0255
2019-02-17,276.48,279.36,276.35,279.14,278060000,0.0064
2019-02-24,280.73,281.31,277.48,280.42,330950000,0.0046
2019-03-03,281.6,281.87,272.42,274.46,421330000,-0.0213
2019-03-10,275.26,282.38,275.23,281.31,374230000,0.025
2019-03-17,281.55,285.18,279.18,279.25,439290000,-0.0073
2019-03-24,278.87,282.84,277.64,282.48,364350000,0.0116
2019-03-31,284.7,288.63,284.4,288.57,293550000,0.0216
2019-04-07,288.1,290.47,286.7,290.16,297130000,0.0055
2019-04-14,290.24,291.43,288.66,290.02,228730000,-5e-04
2019-04-21,289.17,293.49,289.07,293.41,251490000,0.0117
2019-04-28,293.51,294.95,289.52,294.03,331560000,0.0021
2019-05-05,289.25,293.31,282.3,288.1,559400000,-0.0202
2019-05-12,282.42,289.21,279.93,285.84,455350000,-0.0078
2019-05-19,284.06,286.93,280.57,282.78,313210000,-0.0107
2019-05-26,283.09,284.15,275.24,275.27,324390000,-0.0266
2019-06-02,275.31,288.85,273.09,287.65,388530000,0.045
2019-06-09,289.37,291.4,287.82,289.26,267810000,0.0056
2019-06-16,289.52,296.31,289.18,294,403190000,0.0164
2019-06-23,294.23,294.58,290.35,293,280900000,-0.0034
2019-06-30,296.68,298.82,294.33,298.46,233190000,0.0186
2019-07-07,297.01,300.73,295.48,300.65,236780000,0.0073
2019-07-14,301.13,301.13,296.7,297.17,241360000,-0.0116
2019-07-21,297.61,302.23,297.04,302.01,236040000,0.0163
2019-07-28,301.88,301.93,290.9,292.62,447620000,-0.0311
2019-08-04,288.09,293.62,281.72,291.62,621470000,-0.0034
2019-08-11,289.96,294.15,282.39,288.85,483700000,-0.0095
2019-08-18,292.19,293.93,283.47,284.85,356070000,-0.0138
2019-08-25,287.27,294.24,285.25,292.45,321700000,0.0267
2019-09-01,290.57,298.83,289.27,298.05,249180000,0.0191
2019-09-08,299.14,302.46,295.97,301.09,313040000,0.0102
2019-09-15,299.84,302.63,297.41,298.28,350840000,-0.0093
2019-09-22,297.55,299.84,293.69,295.4,361850000,-0.0097
2019-09-29,295.97,298.45,284.82,294.35,419600000,-0.0036
2019-10-06,293.47,298.74,288.49,296.28,386420000,0.0066
2019-10-13,295.93,300.24,295.57,297.97,250070000,0.0057
2019-10-20,299.42,302.2,298.49,301.6,204640000,0.0122
2019-10-27,302.94,306.19,301.73,306.14,276270000,0.0151
2019-11-03,307.85,309.65,306.06,308.94,253370000,0.0091
2019-11-10,307.42,311.84,307.27,311.79,251590000,0.0092
2019-11-17,311.53,312.69,309.06,310.96,296470000,-0.0027
2019-11-24,311.98,315.48,311.98,314.31,167880000,0.0108
2019-12-01,314.59,315.31,307.13,314.87,290210000,0.0018
2019-12-08,314.44,318.67,312.81,317.32,319660000,0.0078
2019-12-15,319.22,321.97,317.25,320.73,426890000,0.0107
2019-12-22,321.59,323.8,320.9,322.86,146860000,0.0066
2019-12-29,322.95,324.89,320.15,322.41,243930000,-0.0014
2020-01-05,320.49,327.46,320.36,325.71,268680000,0.0102
2020-01-12,326.39,332.18,325.92,331.95,332250000,0.0192
2020-01-19,330.9,332.95,327.36,328.77,266200000,-0.0096
2020-01-26,323.03,328.63,320.73,321.73,391280000,-0.0214
2020-02-02,323.35,334.19,323.22,332.2,312270000,0.0325
2020-02-09,331.23,338.12,331.19,337.6,260010000,0.0163
2020-02-16,336.51,339.08,332.58,333.48,294110000,-0.0122
2020-02-23,323.14,333.56,285.54,296.26,1.24e+09,-0.1116
2020-03-01,298.21,313.84,290.23,297.46,1.13e+09,0.0041
2020-03-08,275.3,288.52,247.68,269.32,1.56e+09,-0.0946
2020-03-15,241.18,256.9,228.02,228.8,1.52e+09,-0.1505
2020-03-22,228.19,262.8,218.26,253.42,1.34e+09,0.1076
2020-03-29,255.7,263.33,243.9,248.19,868620000,-0.0206
2020-04-05,257.84,281.2,248.17,278.2,733550000,0.1209
2020-04-12,277.14,287.3,271.41,286.64,649240000,0.0303
2020-04-19,282.61,286.79,272.02,282.97,509900000,-0.0128
2020-04-26,285.12,294.88,281.52,282.79,549990000,-6e-04
2020-05-03,280.74,292.95,279.13,292.44,385950000,0.0341
2020-05-10,290.34,294.24,272.99,286.28,553230000,-0.0211
2020-05-17,293.05,297.87,291.95,295.44,443620000,0.032
2020-05-24,301.93,306.84,295.46,304.32,403800000,0.0301
2020-05-31,303.62,321.27,303.06,319.34,449930000,0.0494
2020-06-07,320.22,323.41,298.6,304.21,650040000,-0.0474
2020-06-14,298.02,315.64,296.74,308.64,573190000,0.0146
2020-06-21,307.99,314.5,299.42,300.05,493360000,-0.0278
2020-06-28,301.41,315.7,298.93,312.23,334910000,0.0406
2020-07-05,316.37,317.88,310.68,317.59,340170000,0.0172
2020-07-12,320.13,323.04,312,321.72,401250000,0.013
2020-07-19,321.43,327.23,319.25,320.88,321100000,-0.0026
2020-07-26,321.63,326.63,319.64,326.52,301320000,0.0176
2020-08-02,328.32,334.88,327.73,334.57,238850000,0.0247
2020-08-09,335.06,338.28,332.01,336.84,256790000,0.0068
2020-08-16,337.94,339.72,335.22,339.48,239580000,0.0078
2020-08-23,342.12,350.72,339.45,350.58,244460000,0.0327
2020-08-30,350.35,358.75,334.87,342.57,477810000,-0.0228
2020-09-06,336.71,342.64,331,334.06,381180000,-0.0248
2020-09-13,337.49,343.06,327.97,330.65,398140000,-0.0102
2020-09-20,325.7,331.2,319.8,328.73,403930000,-0.0058
2020-09-27,333.22,338.74,331.19,333.84,398330000,0.0155
2020-10-04,336.06,347.35,334.38,346.85,297610000,0.039
2020-10-11,349.59,354.02,343.13,347.29,361460000,0.0013
2020-10-18,348.65,349.33,340.65,345.78,296600000,-0.0043
2020-10-25,342.13,342.98,322.6,326.54,495610000,-0.0556
2020-11-01,330.2,352.19,327.24,350.16,463340000,0.0723
2020-11-08,363.97,364.38,350.51,358.1,447580000,0.0227
2020-11-15,360.98,362.78,354.15,355.33,341600000,-0.0077
2020-11-22,357.28,364.18,354.86,363.67,199490000,0.0235
2020-11-29,362.83,369.85,359.17,369.85,317940000,0.017
2020-12-06,369.02,371.05,363.26,366.3,280940000,-0.0096
2020-12-13,368.64,372.46,364.47,369.18,392370000,0.0079
2020-12-20,364.97,378.46,362.03,369,217430000,-5e-04
2020-12-27,371.74,374.66,370.83,373.88,220660000,0.0132
2021-01-03,375.31,381.49,364.82,381.26,425080000,0.0197
2021-01-10,377.85,381.13,373.7,375.7,306180000,-0.0146
2021-01-17,378.34,384.95,376.75,382.88,213160000,0.0191
2021-01-24,383.67,385.85,368.27,370.07,457380000,-0.0335
2021-01-31,373.72,388.47,370.38,387.71,288510000,0.0477
2021-02-07,389.27,392.9,387.5,392.64,226580000,0.0127
2021-02-14,393.96,394.17,387.74,390.03,246730000,-0.0066
2021-02-21,387.06,392.23,378.23,380.36,546500000,-0.0248
2021-02-28,385.59,390.92,371.88,383.63,640360000,0.0086
2021-03-07,384.66,395.65,381.42,394.06,497580000,0.0272
2021-03-14,394.33,398.12,387.15,389.48,474250000,-0.0116
2021-03-21,390.03,396.41,383.9,395.98,492590000,0.0167
2021-03-28,394.4,400.67,392.81,400.61,396790000,0.0117
2021-04-04,403.46,411.67,403.38,411.49,328510000,0.0272
2021-04-11,410.85,417.91,410.2,417.26,317180000,0.014
2021-04-18,416.26,418.25,410.59,416.74,3.98e+08,-0.0012
2021-04-25,417.44,420.72,416.3,417.3,318800000,0.0013
2021-05-02,419.43,422.82,411.67,422.12,372060000,0.0116
2021-05-09,422.5,422.74,404,416.58,522150000,-0.0131
2021-05-16,415.39,418.2,405.33,414.94,386010000,-0.0039
2021-05-23,417.34,421.25,417.08,420.04,267140000,0.0123
2021-05-30,422.57,422.92,416.28,422.6,217390000,0.0061
2021-06-06,422.59,424.63,420.32,424.31,243720000,0.004
2021-06-13,424.43,425.46,414.7,414.92,383880000,-0.0221
2021-06-20,416.8,427.09,415.93,426.61,283210000,0.0282
2021-06-27,427.17,434.1,425.89,433.72,265100000,0.0167
2021-07-04,433.78,435.84,427.52,435.52,306090000,0.0042
2021-07-11,435.43,437.92,430.92,431.34,300930000,-0.0096
2021-07-18,426.19,440.3,421.97,439.94,423960000,0.0199
2021-07-25,439.31,441.8,435.99,438.51,279980000,-0.0033
2021-08-01,440.34,442.94,436.1,442.49,249470000,0.0091
2021-08-08,442.46,445.94,441.31,445.92,207010000,0.0078
2021-08-15,444.53,447.11,436.12,443.36,420780000,-0.0057
2021-08-22,445.16,450.65,443.44,450.25,269310000,0.0155
2021-08-29,450.97,454.05,450.71,453.08,246440000,0.0063
2021-09-05,452.71,452.81,445.31,445.44,255770000,-0.0169
2021-09-12,448.64,448.92,441.02,441.4,436940000,-0.0091
2021-09-19,434.88,444.89,428.86,443.91,499810000,0.0057
2021-09-26,442.81,444.05,427.23,434.24,543880000,-0.0218
2021-10-03,433,441.68,426.36,437.86,479280000,0.0083
2021-10-10,437.16,446.26,431.54,445.87,345880000,0.0183
2021-10-17,443.97,454.67,443.27,453.12,258930000,0.0163
2021-10-24,454.28,459.56,452.39,459.25,295330000,0.0135
2021-10-31,460.3,470.65,458.2,468.53,269090000,0.0202
2021-11-07,469.7,470.23,462.04,467.27,259300000,-0.0027
2021-11-14,468.64,470.94,466.23,468.89,251640000,0.0035
2021-11-21,470.89,473.54,457.77,458.97,320500000,-0.0212
2021-11-28,464.07,466.56,448.92,453.42,632280000,-0.0121
2021-12-05,456.13,470.9,453.56,470.74,405130000,0.0382
2021-12-12,470.19,472.87,458.06,459.87,554090000,-0.0231
2021-12-19,454.48,472.19,451.14,470.6,292270000,0.0233
2021-12-26,472.06,479,472.01,474.96,279150000,0.0093
2022-01-02,476.3,479.98,464.65,466.09,420360000,-0.0187
2022-01-09,462.7,473.2,456.6,464.72,448340000,-0.0029
2022-01-16,459.74,459.96,437.95,437.98,543880000,-0.0575
2022-01-23,432.03,444.04,420.76,441.95,921220000,0.0091
2022-01-30,441.24,458.12,439.81,448.7,629250000,0.0153
2022-02-06,449.51,457.88,438.94,440.46,551390000,-0.0184
2022-02-13,439.92,448.05,431.82,434.23,531430000,-0.0141
2022-02-20,431.89,437.84,410.64,437.75,592720000,0.0081
2022-02-27,432.03,441.11,427.11,432.17,620710000,-0.0127
2022-03-06,431.55,432.3,415.12,420.07,609270000,-0.028
2022-03-13,420.89,444.86,415.79,444.52,555930000,0.0582
2022-03-20,444.34,452.98,440.68,452.69,384260000,0.0184
2022-03-27,452.06,462.07,449.14,452.92,445530000,5e-04
2022-04-03,453.13,457.83,443.47,447.57,398080000,-0.0118
2022-04-10,444.11,445.75,436.65,437.79,346070000,-0.0219
2022-04-17,436.81,450.01,425.44,426.04,426940000,-0.0268
2022-04-24,423.67,429.64,411.21,412,596610000,-0.033
2022-05-01,412.07,429.66,405.02,411.34,727290000,-0.0016
2022-05-08,405.1,406.41,385.15,401.72,659710000,-0.0234
2022-05-15,399.98,408.57,380.54,389.63,509270000,-0.0301
2022-05-22,392.83,415.38,386.96,415.26,426270000,0.0658
2022-05-29,413.55,417.44,406.93,410.54,334010000,-0.0114
2022-06-05,414.78,416.61,389.75,389.8,400320000,-0.0505
2022-06-12,379.85,383.9,362.17,365.86,645270000,-0.0614
2022-06-19,371.89,390.09,370.18,390.08,344210000,0.0662
2022-06-26,391.05,393.16,372.56,381.24,405720000,-0.0227
2022-07-03,375.88,390.64,372.9,388.67,288790000,0.0195
2022-07-10,385.85,386.87,371.04,385.13,373580000,-0.0091
2022-07-17,388.38,400.18,380.66,395.09,350660000,0.0259
2022-07-24,395.75,413.03,389.95,411.99,349890000,0.0428
2022-07-31,409.15,415.68,406.82,413.47,303720000,0.0036
2022-08-07,415.25,427.21,410.22,427.1,288810000,0.033
2022-08-14,424.77,431.73,421.22,422.14,293940000,-0.0116
2022-08-21,417.05,419.96,405.25,405.31,330010000,-0.0399
2022-08-28,402.2,405.84,390.04,392.24,405420000,-0.0322
2022-09-04,393.13,407.51,388.42,406.6,305130000,0.0366
2022-09-11,408.78,411.73,382.11,385.56,467950000,-0.0517
2022-09-18,382.26,389.31,363.29,367.95,469120000,-0.0457
2022-09-25,366.41,372.3,357.04,357.18,578340000,-0.0293
2022-10-02,361.08,379.46,359.21,362.79,471550000,0.0157
2022-10-09,363.96,370.26,348.11,357.63,516510000,-0.0142
2022-10-16,364.01,375.45,357.28,374.29,489400000,0.0466
2022-10-23,375.89,389.52,373.11,389.02,450640000,0.0394
2022-10-30,386.44,390.39,368.79,376.35,499640000,-0.0326
2022-11-06,377.71,399.35,373.61,398.51,466720000,0.0589
2022-11-13,396.66,402.31,390.14,396.03,401020000,-0.0062
2022-11-20,394.64,402.93,392.66,402.33,210480000,0.0159
2022-11-27,399.09,410,393.3,406.91,426640000,0.0114
2022-12-04,403.95,404.93,391.64,393.28,363380000,-0.0335
2022-12-11,394.11,410.49,381.04,383.27,544860000,-0.0255
2022-12-18,383.47,387.41,374.77,382.91,392450000,-9e-04
2022-12-25,382.79,384.35,376.42,382.43,273540000,-0.0013
2023-01-01,384.37,389.25,377.83,388.08,341940000,0.0148
2023-01-08,390.37,399.1,386.27,398.5,362280000,0.0269
2023-01-15,398.48,400.23,387.26,395.88,341080000,-0.0066
2023-01-22,396.72,408.16,393.56,405.68,369140000,0.0248
2023-01-29,402.8,418.31,400.28,412.35,458860000,0.0164
2023-02-05,409.79,416.49,405.01,408.04,376980000,-0.0105
2023-02-12,408.72,415.05,404.05,407.26,380680000,-0.0019
2023-02-19,403.06,404.16,393.64,396.38,370840000,-0.0267
2023-02-26,399.87,404.45,392.33,404.19,452120000,0.0197
2023-03-05,405.05,407.45,384.32,385.91,557050000,-0.0452
2023-03-12,381.81,396.47,380.65,389.99,764850000,0.0106
2023-03-19,390.8,402.49,389.4,395.75,523450000,0.0148
2023-03-26,398.12,409.7,393.69,409.39,396280000,0.0345
2023-04-02,408.85,411.92,405.68,409.19,262940000,-5e-04
2023-04-09,406.61,415.09,405.97,412.46,373380000,0.008
2023-04-16,412.37,415.72,410.17,412.2,334520000,-6e-04
2023-04-23,411.99,415.94,403.78,415.93,424950000,0.009
2023-04-30,415.47,417.62,403.74,412.63,440450000,-0.0079
2023-05-07,412.97,414.54,408.87,411.59,336050000,-0.0025
2023-05-14,412.22,420.72,410.23,418.62,400250000,0.0171
2023-05-21,418.64,420.77,409.88,420.02,421130000,0.0033
2023-05-28,422.03,428.74,416.22,427.92,363320000,0.0188
2023-06-04,428.28,431.99,425.82,429.9,367310000,0.0046
2023-06-11,430.92,443.9,430.17,439.46,497240000,0.0222
2023-06-18,437.45,438.37,432.47,433.21,315850000,-0.0142
2023-06-25,432.62,444.3,431.19,443.28,394120000,0.0232
2023-07-02,442.92,444.08,437.06,438.55,2.58e+08,-0.0107
2023-07-09,438.18,451.36,437.58,449.28,361070000,0.0245
2023-07-16,449.13,456.43,449.08,452.18,341180000,0.0065
2023-07-23,453.37,459.44,451.55,456.92,352470000,0.0105
2023-07-30,457.41,458.16,446.27,446.81,376020000,-0.0221
2023-08-06,448.71,451.7,443.35,445.65,370200000,-0.0026
2023-08-13,444.7,448.11,433.01,436.5,398240000,-0.0205
2023-08-20,437.55,445.22,435,439.97,393060000,0.0079
2023-08-27,442.24,453.67,439.97,451.19,338760000,0.0255
2023-09-03,450.73,451.06,442.75,445.52,258350000,-0.0126
2023-09-10,448.24,451.08,442.92,443.37,383220000,-0.0048
2023-09-17,443.05,444.97,429.99,430.42,409760000,-0.0292
2023-09-24,429.17,432.27,422.29,427.48,479120000,-0.0068
2023-10-01,426.62,431.13,420.18,429.54,458430000,0.0048
2023-10-08,427.58,437.33,427.01,431.5,397790000,0.0046
2023-10-15,433.82,438.14,421.08,421.19,489560000,-0.0239
2023-10-22,419.61,424.82,409.21,410.68,487350000,-0.025
2023-10-29,413.56,436.29,412.22,434.69,459400000,0.0585
2023-11-05,435.47,440.93,433.4,440.61,366570000,0.0136
2023-11-12,439.23,451.42,438.42,450.79,376600000,0.0231
2023-11-19,450.53,456.38,450.52,455.3,208480000,0.01
2023-11-26,454.65,459.65,453.34,459.1,344700000,0.0083
2023-12-03,455.6,460.74,454.31,460.2,361540000,0.0024
2023-12-10,459.69,473.73,459.47,469.33,487190000,0.0198
2023-12-17,470.98,475.89,467.82,473.65,382890000,0.0092
2023-12-24,474.07,477.55,473.3,475.31,322830000,0.0035
2023-12-31,472.16,473.67,466.43,467.92,396940000,-0.0155
2024-01-07,468.43,478.6,468.3,476.68,344090000,0.0187
2024-01-14,475.26,482.72,469.87,482.43,356550000,0.0121
2024-01-21,484.01,489.12,482.78,487.41,356720000,0.0103
2024-01-28,487.73,496.05,482.86,494.35,437070000,0.0142
2024-02-04,493.7,501.65,490.23,501.2,318560000,0.0139
2024-02-11,501.17,503.5,490.71,499.51,375200000,-0.0034
2024-02-18,497.72,510.13,493.56,507.85,269060000,0.0167
2024-02-25,508.3,513.29,504.75,512.85,316520000,0.0098
2024-03-03,512.03,518.22,504.91,511.72,336220000,-0.0022
2024-03-10,510.48,517.38,508.12,509.83,408590000,-0.0037
2024-03-17,514,524.11,511.12,521.21,358570000,0.0223
2024-03-24,519.8,524.61,518.4,523.07,293270000,0.0036
2024-03-31,523.83,524.38,512.76,518.43,367270000,-0.0089
2024-04-07,519.15,520.75,509.08,510.85,361840000,-0.0146
2024-04-14,515.13,515.3,493.86,495.16,418260000,-0.0307
2024-04-21,497.83,509.88,495.43,508.26,321950000,0.0265
2024-04-28,510.09,512.55,499.55,511.29,339450000,0.006
2024-05-05,513.75,522.64,513.3,520.84,237750000,0.0187
2024-05-12,522.56,531.52,519.74,529.45,263190000,0.0165
2024-05-19,529.57,533.07,524.72,529.44,218090000,0
2024-05-26,530.27,530.51,518.36,527.37,218710000,-0.0039
2024-06-02,529.02,536.89,522.6,534.01,203110000,0.0126
2024-06-09,533.18,544.12,532.05,542.78,220220000,0.0164
2024-06-16,542.08,550.12,541.61,544.51,232060000,0.0032
2024-06-23,544.33,550.28,542.44,544.22,233540000,-5e-04
2024-06-30,545.63,555.05,542.52,554.64,155010000,0.0191
2024-07-07,555.44,563.67,554.19,559.99,208260000,0.0096
2024-07-14,562.03,565.16,547.91,548.99,255960000,-0.0196
2024-07-21,553,556.73,537.45,544.44,267220000,-0.0083
2024-07-28,546.02,554.87,528.6,532.9,311250000,-0.0212
2024-08-04,511.64,534.51,510.27,532.99,410690000,2e-04
2024-08-11,534.21,555.02,530.95,554.31,242600000,0.04
2024-08-18,554.73,563.18,553.86,562.13,221130000,0.0141
2024-08-25,563.18,564.2,555.04,563.68,210960000,0.0028
2024-09-01,560.47,560.81,539.44,540.36,220580000,-0.0414
2024-09-08,544.65,563.03,539.96,562.01,243290000,0.0401
2024-09-15,561.74,572.88,559.9,568.25,297840000,0.0111
2024-09-22,569.34,574.71,567.6,571.47,219790000,0.0057
2024-09-29,570.42,574.38,565.27,572.98,258270000,0.0026
2024-10-06,571.3,580.33,566.63,579.58,211680000,0.0115
2024-10-13,581.22,586.12,578.54,584.59,192960000,0.0086
2024-10-20,583.85,584.85,574.41,579.04,202180000,-0.0095
2024-10-27,582.58,583.32,568.44,571.04,220360000,-0.0138
2024-11-03,571.18,599.64,567.89,598.19,239560000,0.0475
2024-11-10,599.81,600.17,583.86,585.75,242870000,-0.0208
2024-11-17,586.22,596.15,584.03,595.51,221500000,0.0167
2024-11-24,599.52,603.35,595.2,602.55,152240000,0.0118
2024-12-01,602.97,609.07,602.34,607.81,161440000,0.0087
2024-12-08,607.69,608.43,602.13,604.21,168100000,-0.0059
2024-12-15,606,607.78,580.91,591.15,419350000,-0.0216
2024-12-22,590.89,602.48,587.66,595.01,197100000,0.0065
2024-12-29,587.89,592.6,580.5,591.95,201720000,-0.0051
